ACM00078861,17.117,-61.783,10.0,COOLIDGEFIELD(UA),1947,1993,13896
AEM00041217,24.4333,54.65,16.0,ABUDHABIINTERNATIONALAIRPOR,1983,2023,39082
AFM00040911,36.7,67.2,378.0,MAZAR-I-SHARIF,2010,2014,2179
AFM00040913,36.6667,68.9167,433.0,KUNDUZ,2010,2013,4540
AFM00040938,34.217,62.217,977.0,HERAT,1978,1988,1107
AFM00040948,34.55,69.2167,1791.0,KABULAIRPORT,1961,2021,19344
AFM00040990,31.5,65.85,1010.0,KANDAHARAIRPORT,1976,2014,5934
AGM00060390,36.6833,3.2167,25.0,DAR-EL-BEIDA,1948,2023,69760
AGM00060490,35.633,-0.6,90.0,ORAN-SENIA,1973,2008,38241
AGM00060511,35.35,1.467,989.0,TIARET,1987,1988,280
AGM00060525,34.8,5.733,87.0,BISKRA,1973,2002,19871
AGM00060549,33.5333,-0.2833,1123.0,MECHERIA,1982,2012,6933
AGM00060550,33.683,1.0,1341.0,EL-BAYADH,1977,1991,10962
AGM00060571,31.5,-2.25,811.0,BECHAR,1948,2023,58843
AGM00060580,31.9333,5.4,152.0,OUARGLA,1963,1997,2887
AGM00060611,28.05,9.633,563.0,IN-AMENAS,1973,1989,12360
AGM00060625,26.9667,1.0833,309.0,AOULEF,1949,1962,3606
AGM00060630,27.2333,2.5,273.0,IN-SALAH,1964,2023,49538
AGM00060656,27.7,-8.1667,443.0,TINDOUF,1973,2023,14033
AGM00060680,22.8,5.4333,1377.0,TAMANRASSET,1934,2023,56055
AGM00060686,21.3333,0.95,398.0,BORDJ-BADJ-MOKHTAR,2011,2012,231
AJM00037860,40.5333,50.0,27.0,MASHTAGA,1947,2016,11887
AJM00037985,38.733,48.833,-11.0,LANKARAN,1953,1997,33653
AMM00037789,40.2169,44.5017,1134.0,YEREVANAERO,1949,2022,37628
AOM00066160,-8.85,13.233,74.0,LUANDA,1948,1993,8531
AOM00066285,-11.783,19.917,1329.0,LUENA(LUSO),1952,1975,1995
AOM00066390,-14.933,13.567,1761.0,LUBANGO,1973,1974,236
AOM00066422,-15.2167,12.1667,52.0,MOCAMEDES,1954,1970,1595
AQM00091765,-14.3383,-170.7192,5.5,PAGOPAGO/INT.AIRP.AMERICANS,1966,2023,49396
AQW00061704,-14.3667,-170.7833,21.0,LEONEBAYAMERICANS,1962,1962,359
ARM00087047,-24.85,-65.4833,1238.0,SALTAAERO,1965,2014,19838
ARM00087155,-27.45,-59.05,53.0,RESISTENCIAAERO,1961,2023,30809
ARM00087157,-27.4667,-58.9833,52.0,RESISTENCIA,1957,1961,1200
ARM00087344,-31.3167,-64.2167,484.0,CORDOBAAERO,1959,2023,25847
ARM00087418,-32.8333,-68.7833,705.0,MENDOZAAERO,1974,2023,16564
ARM00087420,-32.8833,-68.85,827.0,OBSERVMENDOZA,1965,1973,3075
ARM00087576,-34.8167,-58.5333,20.0,EZEIZAAERO,1957,2022,39224
ARM00087585,-34.58,-58.48,25.0,BUENOSAIRES,1957,1957,107
ARM00087623,-36.5667,-64.2667,190.0,SANTAROSAAERO,1965,2023,25801
ARM00087715,-38.95,-68.1333,270.0,NEUQUENAERO,1957,2023,19126
ARM00087748,-38.7333,-62.1667,75.0,COMANDANTEESPORA,1964,1993,13733
ARM00087827,-43.2333,-65.3,42.0,ALMIRANTEZAR,1973,1975,1150
ARM00087860,-45.7833,-67.5,58.0,COMODORORIVADAVIAAERO,1958,2023,25443
ARM00087926,-51.6333,-69.2167,20.0,RIOGALLEGOSB.A.,1967,1977,4526
ARM00087934,-53.8,-67.75,22.0,RIOGRANDEAIRPORT,1977,1984,3267
ARM00087938,-54.8,-68.3167,6.0,USHUAIA,1957,1967,1943
ARM00088946,-59.45,-27.267,15.0,CORBETAURUGUAYDN,1980,1981,275
ASM00094120,-12.4239,130.8925,31.4,DARWINAIRPORT,1943,2023,95461
ASM00094150,-12.2742,136.8203,62.5,GOVEAIRPORT,1985,2023,34530
ASM00094170,-12.6778,141.9208,19.2,WEIPAAERO,1993,2023,13155
ASM00094175,-10.583,142.217,60.0,THURSDAYIL/HORNIL,1951,1993,21187
ASM00094203,-17.9475,122.2353,17.4,BROOMEAIRPORT,1950,2023,84413
ASM00094294,-19.2483,146.7661,5.5,TOWNSVILLEAERO,1943,2020,87786
ASM00094299,-16.2833,149.965,9.0,WILLISISLAND,1947,2023,70691
ASM00094300,-24.8878,113.67,4.0,CARNARVONAIRPORT,1950,2012,71908
ASM00094302,-22.2406,114.0967,6.0,LEARMONTHAIRPORT,1975,2023,44977
ASM00094312,-20.3725,118.6317,10.1,PORTHEDLANDAIRPORT,1950,2023,74590
ASM00094326,-23.795,133.8889,545.3,ALICESPRINGSAIRPORT,1946,2023,86804
ASM00094332,-20.6778,139.4875,341.7,MOUNTISAAERO,1975,2023,41961
ASM00094335,-20.6667,140.5,189.0,CLONCURRY,1943,1975,33366
ASM00094374,-23.3753,150.4775,10.4,ROCKHAMPTONAERO,1943,2022,53060
ASM00094380,-23.85,151.25,75.0,GLADSTONE,1957,1993,46725
ASM00094403,-28.8044,114.6989,36.9,GERALDTONAIRPORT,1950,2023,76270
ASM00094430,-26.6136,118.5372,522.1,MEEKATHARRAAIRPORT,1951,2023,61184
ASM00094461,-25.0342,128.3011,580.0,GILESMETEOROLOGICALOFFICE,1956,2023,81865
ASM00094510,-26.4139,146.2558,305.7,CHARLEVILLEAERO,1942,2023,83637
ASM00094568,-27.65,152.7167,26.0,AMBERLEY,1949,1955,2455
ASM00094578,-27.3917,153.1292,4.0,BRISBANEAERO,1943,2023,92048
ASM00094610,-31.9275,115.9764,20.4,PERTHAIRPORT,1948,2023,98554
ASM00094637,-30.7847,121.4533,366.7,KALGOORLIE-BOULDERAIRPORT,1950,2023,74813
ASM00094638,-33.83,121.8925,25.0,ESPERANCE,1969,2023,58574
ASM00094646,-30.833,128.1,160.0,FORRESTAIRPORT,1950,1995,54264
ASM00094647,-31.6667,128.8667,101.0,EUCLA,1995,2012,12086
ASM00094659,-31.1558,136.8053,167.0,WOOMERAAERODROME,1949,2023,73381
ASM00094672,-34.9525,138.5203,6.1,ADELAIDEAIRPORT,1945,2023,92045
ASM00094711,-31.4839,145.8294,260.0,COBARMO,1962,2023,59714
ASM00094750,-34.9469,150.5353,122.0,NOWRARANAIRSTATIONAWS,1950,2023,37889
ASM00094767,-33.9464,151.1731,6.4,SYDNEYAIRPORTAMO,1946,2023,70561
ASM00094776,-32.7933,151.8358,9.5,WILLIAMTOWNRAAF,1944,2023,75522
ASM00094802,-34.9414,117.8022,71.0,ALBANYAIRPORT,1965,2023,60130
ASM00094821,-37.7472,140.7739,64.6,MOUNTGAMBIERAERO,1945,2023,68427
ASM00094865,-37.867,144.75,16.0,LAVERTONAERODROME,1948,1999,58326
ASM00094866,-37.6656,144.8322,132.3,MELBOURNEAIRPORT,1946,2023,41495
ASM00094910,-35.1583,147.4572,220.7,WAGGAWAGGAAMO,1946,2023,78600
ASM00094970,-42.8833,147.3333,55.0,HOBART,1949,1953,1774
ASM00094975,-42.8339,147.5033,4.0,HOBARTAIRPORT,1953,2023,72873
ASM00094995,-31.5422,159.0786,5.2,LORDHOWEISLANDAERO,1950,2023,69777
ASM00094998,-54.4994,158.937,6.0,MACQUARIEISLAND,1948,2023,68228
ASM00095527,-29.4897,149.8472,213.7,MOREEAERO,1964,2023,53303
ASXUA942005,-19.28,121.5,3.0,TALGARNO,1960,1961,297
ASXUA946505,-30.01,131.583,290.0,MARALINGA,1955,1965,7453
AUM00011010,48.2353,14.1881,298.0,LINZ/HOERSCHING-FLUGHAFEN,1987,2021,10857
AUM00011035,48.2486,16.3564,200.0,WIEN/HOHEWARTE,1910,2021,79646
AUM00011120,47.2603,11.3439,581.0,INNSBRUCK-FLUGHAFEN,1998,2019,7544
AUM00011240,46.9931,15.4392,340.0,GRAZ-THALERHOF-FLUGHAFEN,1987,2019,10700
AYM00088967,-77.9667,-38.8,32.0,GENERALBELGRANO,1970,1975,1782
AYM00089001,-70.317,-2.367,52.0,SANAE,1957,1992,9815
AYM00089002,-70.6667,-8.25,50.0,NEUMAYER,1984,2023,13397
AYM00089009,-90.0,0.0,2835.0,AMUNDSEN-SCOTT,1961,2023,30503
AYM00089022,-75.445,-26.2181,30.0,HALLEY,1957,2023,20669
AYM00089050,-62.183,-58.883,16.0,BELLINGSHAUSENAWS,1970,1999,6342
AYM00089051,-63.4667,-56.2833,18.0,PETRELNAS,1969,1972,1654
AYM00089055,-64.2333,-56.7167,208.0,BASEMARAMBIO,1982,2023,5068
AYM00089062,-67.5661,-68.1297,3.0,ROTHERA,2002,2023,4446
AYM00089063,-65.25,-64.2667,11.0,FARADAY,1954,1982,10141
AYM00089125,-80.017,-119.533,1515.0,BYRDSTN,1957,1979,7679
AYM00089512,-70.7678,11.8317,118.9,NOVOLAZAREVSKAJA,1969,2023,16307
AYM00089522,-70.4333,24.3167,38.0,BASEROIBAUDOUIN,1958,1959,1097
AYM00089532,-69.0053,39.5811,18.4,SYOWA,1959,2023,38349
AYM00089542,-67.667,45.85,40.0,MOLODEZNAJA,1969,1998,13014
AYM00089557,-78.4,87.583,3571.0,SOVIETSKAVA,1958,1958,273
AYM00089564,-67.6017,62.8753,9.9,MAWSON,1954,2023,39550
AYM00089571,-68.5744,77.9672,18.0,DAVIS,1957,2023,41276
AYM00089592,-66.5519,93.0147,43.4,MIRNYJ,1957,2023,23414
AYM00089593,-69.73,95.05,2701.0,PIONERSKAVA,1958,1958,121
AYM00089601,-66.27,100.73,290.0,BUNGEROASIS,1957,1958,548
AYM00089606,-78.45,106.867,3486.0,VOSTOK,1958,1991,7319
AYM00089611,-66.2825,110.5231,40.0,CASEY,1957,2023,43416
AYM00089625,-75.1017,123.4119,3233.0,CONCORDIA,2006,2023,3635
AYM00089642,-66.6631,140.0011,43.0,DUMONTD'URVILLE,1951,2023,18093
AYM00089657,-69.5,159.4,304.0,LENINGRADSKAJA,1983,1991,2575
AYM00089662,-74.6958,164.0922,92.0,MARIOZUCHELLISTATION,1987,2023,4509
AYM00089664,-77.85,166.6667,24.0,MCMURDO,1956,2023,31042
AYM00089671,-72.3,170.2167,5.2,ADAREHALLETT,1957,1973,4373
AYW00057401,-77.7333,-41.1167,43.3,ELLSWORTHIGY,1957,1962,2138
AYW00067401,-79.25,-147.5,651.1,LITTLEROCKFORD,1960,1962,309
AYW00067402,-76.2667,-147.5,591.0,LITTLEROCKFORD,1962,1965,389
AYXUA891755,-78.2,-162.25,32.0,LITTLEAMERICA,1956,1958,1612
BAM00040427,26.267,50.617,2.0,BAHRAIN/MUHARRAQ,1928,1974,18609
BBM00078954,13.0667,-59.4833,50.0,GRANTLEYADAMS,1965,2023,29861
BCM00068032,-19.9833,23.4167,945.0,MAUN,1957,2012,1796
BCM00068040,-21.417,25.6,985.0,LETLHAKANE,1997,2006,693
BCM00068240,-24.55,25.9167,1005.0,SERETSEKHAMAINTERNATIONALAI,1985,2011,5771
BCM00068328,-26.05,22.45,1000.0,TSABONG,1989,2004,836
BDM00078016,32.3669,-64.6772,4.0,LFWADEINTERNATIONALAIRPORT,1946,2023,62917
BEM00006400,51.083,2.65,9.0,KOKSIJDE,1999,2002,311
BEM00006447,50.7969,4.3581,99.0,UCCLE,1949,2015,42558
BEM00006458,50.7456,4.7633,112.8,BEAUVECHAIN,2005,2023,6521
BEM00006476,50.033,5.4,558.0,ST-HUBERT,1964,2006,26357
BEM00006496,50.4822,6.1814,565.1,ELSENBORN,1999,2021,629
BFM00078063,26.6167,-78.3667,6.1,GOLDROCKCREEK,1951,1970,13583
BFM00078073,25.05,-77.4667,7.0,NASSAUAIRPORTNEWPROVIDENCE,1977,2020,14371
BFM00078076,25.2667,-76.3,10.1,ELEUTHERAISLAND,1952,1970,6389
BFM00078107,22.37,-73.03,21.0,MAYAGUAN,1955,1957,1160
BGM00041883,24.85,89.3667,18.0,BOGRA,1949,2023,35299
BGM00041923,23.7667,90.3833,8.0,DHAKA,1938,2023,40357
BGM00041977,22.35,91.8167,33.0,CHITTAGONG(AMBAGAN),1928,2023,43241
BHM00078583,17.5333,-88.3,5.0,BELIZE/PHILLIPGOLDSTONINTL.,1980,2023,19660
BLM00085201,-16.517,-68.183,4061.0,LAPAZ/ALTO,1945,2003,4156
BMM00048042,21.983,96.1,74.0,MANDALAY,1928,1998,5055
BMM00048053,20.883,95.9,220.0,MEIKTILA,1962,1998,5141
BMM00048062,20.133,92.883,4.0,SITTWE,1926,1985,9125
BMM00048097,16.7667,96.1667,14.0,YANGON,1928,2022,14067
BNM00065330,9.35,2.6167,392.0,PARAKOU,1973,2022,22558
BNM00065344,6.35,2.3833,5.0,COTONOU,1940,2023,45057
BOM00026850,53.933,27.633,231.0,MINSK,1939,1998,43880
BOM00033008,52.1167,23.6833,144.0,BREST,1951,2022,40803
BOM00033036,52.05,29.25,185.0,MOZYR(AMOS),1957,1969,6912
BOM00033041,52.4019,30.9631,126.3,GOMEL,1970,2022,33600
BPM00091517,-9.4167,159.9667,55.0,HONIARA,1959,2011,24636
BPM00091541,-10.7,165.8,24.0,SANTACRUZISLAND,1992,1993,151
BRM00081729,-3.2944,-60.6283,19.0,MANACAPURU,2014,2015,2770
BRM00082022,2.8333,-60.7,140.0,BOAVISTA(AERO),1977,2023,10170
BRM00082026,2.2239,-55.9472,325.0,TIRIOS,2006,2023,8037
BRM00082099,0.05,-51.0667,16.0,MACAPA(AERO),2005,2023,7880
BRM00082107,-0.1167,-66.9667,79.0,SAOGABRIELDACACHOEIRA,2008,2022,5532
BRM00082193,-1.3833,-48.4833,16.0,BELEM(AERO),1943,2023,24546
BRM00082244,-2.4333,-54.7167,72.0,SANTAREM(AERO),1973,2023,8488
BRM00082281,-2.6,-44.2333,53.0,SAOLUIZ(AERO),1971,2021,11373
BRM00082332,-3.15,-59.9833,84.0,MANAUS(AERO),1967,2023,23426
BRM00082397,-3.7667,-38.6,26.0,FORTALEZA,1973,2019,9728
BRM00082400,-3.85,-32.4167,56.0,FERNANDODENORONHA,1958,2023,14247
BRM00082411,-4.25,-69.9333,81.0,TABATINGA(AERO),2006,2023,7391
BRM00082532,-5.8167,-61.2833,53.0,MANICORE(AERO),2006,2023,7853
BRM00082599,-5.9167,-35.25,52.0,NATAL(AERO),1943,2023,18633
BRM00082678,-6.7667,-43.0167,127.0,FLORIANO,1971,2019,7626
BRM00082705,-7.5833,-72.7667,199.0,CRUZEIRODOSUL(AERO),2004,2023,8427
BRM00082765,-7.3333,-47.4667,193.0,CAROLINA,1970,2020,5666
BRM00082824,-8.7667,-63.9167,102.0,PORTOVELHO(AERO),1977,2023,12678
BRM00082900,-8.05,-34.9167,7.0,RECIFE,1952,2019,14978
BRM00082917,-10.0,-67.8,142.0,RIOBRANCO(AERO),2004,2023,8458
BRM00082930,-9.333,-54.967,537.0,CACHIMBOAERO,1973,1986,2176
BRM00082965,-9.8667,-56.1,288.0,ALTAFLORESTA(AERO),1987,2023,12422
BRM00082983,-9.3833,-40.4833,370.0,PETROLINA,1970,2020,9396
BRM00083208,-12.7,-60.1,612.0,VILHENA(AERO),1967,2023,16970
BRM00083229,-13.0167,-38.5167,52.0,SALVADOR,1970,2018,7952
BRM00083288,-13.2667,-43.4167,440.0,BOMJESUSDALAPA,1970,2019,6605
BRM00083361,-15.6,-56.1,165.0,CUIABA,1991,1993,443
BRM00083362,-15.65,-56.1,187.0,CUIABA(AERO),1974,2021,12209
BRM00083378,-15.8667,-47.9333,1061.0,BRASILIA(AERO),1966,2023,28734
BRM00083498,-17.7333,-39.25,3.0,CARAVELAS,1975,2016,5524
BRM00083525,-18.8833,-48.2167,943.0,UBERLANDIA(AERO),2006,2023,8264
BRM00083554,-19.0,-57.6667,141.0,CORUMBA(AERO),2002,2023,10086
BRM00083566,-19.6167,-43.9667,827.0,CONFINS(AERO),1973,2023,13295
BRM00083612,-20.4667,-54.6667,567.0,CAMPOGRANDE(AERO),1966,2023,26689
BRM00083650,-20.5,-29.3167,5.0,TRINDADE(ILHA),1967,2019,9829
BRM00083746,-22.8167,-43.25,6.0,GALEAO,1961,2023,33260
BRM00083779,-23.5,-46.6333,722.0,MARTE(AERO),2000,2023,14244
BRM00083780,-23.617,-46.65,802.0,SAOPAULO,1955,2000,16840
BRM00083827,-25.5167,-54.5833,180.0,FOZDOIGUACU(AERO),1974,2023,14621
BRM00083840,-25.5167,-49.1667,908.0,CURITIBA(AERO),1965,2023,28173
BRM00083899,-27.6667,-48.55,5.0,FLORIANOPOLIS(AERO),1973,2023,13077
BRM00083928,-29.7833,-57.0333,74.0,URUGUAIANA(AERO),1973,2023,10832
BRM00083937,-29.7167,-53.7,85.0,SANTAMARIA(AERO),2006,2023,10875
BRM00083971,-30.0,-51.1833,3.0,PORTOALEGRE(AERO),1950,2023,31843
BUM00015614,42.65,23.3833,595.0,SOFIA(OBSERV.),1955,2023,43434
BUM00015730,41.65,25.367,331.0,KURDJALI,1966,1991,9983
BXM00096315,4.9333,114.9333,22.0,BRUNEIAIRPORT,1981,2023,47996
CAM00071043,65.2833,-126.75,93.6,NORMANWELLSUA,1951,2023,50037
CAM00071051,72.0,-125.27,84.0,SACHSHARBOUR,1955,1986,22298
CAM00071072,76.25,-119.35,58.0,MOULDBAY,1948,1997,34676
CAM00071074,78.8,-103.5,25.0,ISACHSEN,1948,1978,21510
CAM00071081,68.7667,-81.2167,5.9,HALLBEACHUA,1957,2023,47118
CAM00071082,82.5,-62.3333,65.4,ALERTUA,1950,2023,52747
CAM00071090,70.45,-68.55,2.1,CLYDERIVER,1950,1970,13851
CAM00071109,50.685,-127.3758,17.4,PORTHARDYUA,1951,2023,50472
CAM00071115,50.233,-119.283,556.0,VERNONAUTO,1972,1993,15732
CAM00071119,53.5475,-114.1083,766.3,EDMONTONSTONYPLAIN,1946,2023,50410
CAM00071124,54.75,-110.05,700.0,PRIMROSELAKE,1968,2010,845
CAM00071197,47.567,-59.15,40.0,PORT-AUX-BASQUES,1994,1997,2303
CAM00071203,49.9408,-119.4003,456.0,KELOWNAUA,1994,2017,16898
CAM00071569,50.2,-104.7,580.0,BRATT'SLAKEUA,2004,2011,401
CAM00071600,43.9322,-60.0094,5.0,SABLEISLAND,1954,2019,44361
CAM00071603,43.8667,-66.1,8.9,YARMOUTHUA,1988,2023,24190
CAM00071625,45.95,-77.317,130.0,PETAWAWA,1986,2005,1273
CAM00071701,45.8333,-66.4333,50.6,GAGETOWNA,1971,2023,11211
CAM00071716,46.9,-71.483,178.0,VALCARTIERAIRPORT,1977,2006,2371
CAM00071722,46.3019,-76.0061,188.6,MANIWAKIUA,1954,2023,48209
CAM00071801,47.6667,-52.75,140.0,SAINTJOHN'SARPT,1950,2009,30095
CAM00071802,47.5167,-52.7833,112.4,STJOHN'SWESTUA,2009,2023,9852
CAM00071811,50.2167,-66.25,53.1,SEPT-ILESUA,1954,2023,48104
CAM00071815,48.5667,-58.5667,57.0,STEPHENVILLEUA,1946,2023,63992
CAM00071816,53.3,-60.3667,35.7,GOOSEUA,1946,2023,62942
CAM00071823,53.7572,-73.6792,302.4,LAGRANDEIVUA,1985,2023,26816
CAM00071836,51.2667,-80.65,10.0,MOOSONEEUA,1954,2023,46891
CAM00071843,49.8,-97.1333,227.0,WINNIPEGUA,2000,2022,599
CAM00071845,51.45,-90.2,386.2,PICKLELAKEUA,1992,2023,22026
CAM00071853,49.783,-99.633,373.0,SHILO,1968,2007,6238
CAM00071866,52.167,-106.717,504.0,SASKATOONDIEFENBAKE,1994,1998,2309
CAM00071867,53.9667,-101.1,274.0,THEPASUA,1954,2023,48719
CAM00071876,52.767,-108.25,548.0,NORTHBATTLEFORD,1998,2002,2182
CAM00071877,51.117,-114.017,1084.0,CALGARYINTL,1965,1995,15534
CAM00071893,49.7167,-124.9,25.6,COMOXA,2009,2010,104
CAM00071896,53.883,-122.667,691.0,PRINCEGEORGE,1954,1998,30854
CAM00071906,58.1167,-68.4167,60.2,KUUJJUAQ,1947,2023,50625
CAM00071907,58.4667,-78.0833,24.4,INUKJUAKUA,1950,2023,51398
CAM00071908,53.9,-122.79,600.5,PRINCEGEORGEUA,2000,2023,16899
CAM00071909,63.75,-68.55,21.9,IQALUITUA,1946,2023,53546
CAM00071913,58.7333,-94.0667,28.5,CHURCHILLAUA,1950,2023,51968
CAM00071915,64.2,-83.3667,57.3,CORALHARBOURUA,1950,2017,45390
CAM00071917,79.9833,-85.9333,10.4,EUREKAUA,1948,2023,55015
CAM00071924,74.7042,-94.9681,46.1,RESOLUTEUA,1948,2023,55324
CAM00071925,69.1333,-105.0667,25.1,CAMBRIDGEBAYUA,1962,2023,38727
CAM00071926,64.3167,-96.0,50.8,BAKERLAKEUA,1949,2023,47032
CAM00071928,52.433,-114.917,989.0,ROCKYMTNHOUSE,1969,1980,1475
CAM00071934,60.0261,-111.9294,204.1,FORTSMITHUA,1954,2023,47591
CAM00071938,67.8167,-115.0833,7.0,COPPERMINE,1932,1970,14703
CAM00071945,58.8333,-122.6,378.3,FORTNELSONUA,1954,2023,48585
CAM00071957,68.3167,-133.5167,103.2,INUVIKUA,1960,2023,45850
CAM00071964,60.7328,-135.0969,707.0,WHITEHORSEUA,1954,2023,48160
CAM00071968,68.23,-135.0,10.0,AKLAVIK,1950,1960,7053
CAM00072807,47.3,-54.0,14.0,ARGENTIA,1946,1970,11299
CAM00072826,53.2,-70.9,537.0,NITCHEQUON,1954,1977,15444
CAM00072848,53.833,-89.867,218.0,TROUTLAKE,1954,1977,15743
CAM00072918,73.0,-85.3,0.0,ARCTICBAY(NWT),1942,1957,7539
CDM00064700,12.1333,15.0333,295.0,NDJAMENA,1950,2023,47393
CEM00043466,6.9,79.8667,7.0,COLOMBO,1939,2022,34213
CFM00064400,-4.8167,11.9,17.0,POINTE-NOIRE,1947,2023,29682
CFM00064458,1.6167,16.05,352.0,OUESSO,1963,2022,12845
CGM00064220,-4.367,15.25,445.0,KINSHASA/BINZA,1980,1983,383
CHM00050527,49.25,119.7,653.3,HAILAR,1956,2022,43830
CHM00050557,49.1667,125.2333,243.0,NENJIANG,1956,2021,42699
CHM00050745,47.383,123.917,148.0,QIQIHAR,1973,2000,17927
CHM00050774,47.7167,128.8333,264.8,YICHUN,1973,2021,34850
CHM00050834,46.5,121.36,427.0,TE-PO-SU-K/-MIAO,1982,2000,11684
CHM00050873,46.817,130.333,80.0,CHIAMUSSU,1956,1961,2815
CHM00050953,45.9333,126.5667,118.3,HARBIN,1958,2021,44947
CHM00051076,47.7333,88.0833,737.0,ALTAY,1958,2021,44914
CHM00051133,46.733,83.0,549.0,TACHENG,1964,2002,22028
CHM00051243,45.6,84.85,428.0,KARAMAY,1973,2002,20097
CHM00051288,45.367,90.533,1651.0,BAYTIKSHAN,1959,2002,19772
CHM00051431,43.95,81.3333,664.0,YINING,1956,2022,44184
CHM00051463,43.7833,87.6167,919.0,WULUMUQI,1956,2022,47802
CHM00051628,41.26,80.3,1286.0,WEN-SU,1959,1999,9162
CHM00051644,41.7167,82.95,1083.5,KUQA,1957,2021,43756
CHM00051656,41.75,86.133,933.0,KORLA,1964,2002,21640
CHM00051709,39.4833,75.75,1386.7,KASHI,1956,2021,46327
CHM00051777,39.0333,88.1667,889.0,RUOQIANG,1956,2022,46249
CHM00051828,37.1333,79.9333,1375.0,HOTAN,1957,2021,45439
CHM00051839,37.0667,82.7167,1409.0,MINFENG,1973,2021,20500
CHM00051848,37.93,83.65,1264.0,ANDIR,1979,1998,14362
CHM00051886,38.25,90.85,3139.0,MANGNAI,1973,2002,15030
CHM00051895,37.85,91.65,3060.0,MANGYA,1957,1961,1192
CHM00052203,42.8167,93.5167,739.0,HAMI,1957,2021,43028
CHM00052267,41.95,101.0667,941.0,EJINQI,1957,2021,39697
CHM00052313,41.7833,95.1333,1935.0,XING-XING-XIA,1959,1959,122
CHM00052323,41.8,97.0333,1770.0,MAZONGSHAN,1963,2021,38773
CHM00052418,40.15,94.6833,1140.0,DUNHUANG,1957,2022,45755
CHM00052495,40.75,104.5,1329.0,BAYANMOD,1971,2002,20474
CHM00052533,39.7667,98.4833,1478.0,JIUQUAN,1956,2022,45242
CHM00052602,38.833,93.383,2771.0,LENGHU,1959,1993,15645
CHM00052681,38.6333,103.0833,1367.0,MINQIN,1957,2021,43479
CHM00052818,36.4167,94.9,2809.0,GOLMUD,1957,2021,44438
CHM00052836,36.3,98.1,3190.0,DOULAN,1956,2021,41432
CHM00052866,36.7167,101.75,2296.0,XINING,1958,2021,41842
CHM00052889,36.05,103.883,1518.0,LANZHOU,1956,2001,30960
CHM00052983,35.8667,104.15,1875.0,YUZHONG,2001,2021,14250
CHM00053068,43.6333,111.95,966.0,ERENHOT,1973,2021,36763
CHM00053276,42.4,112.9,1152.0,JURH,1956,1988,11935
CHM00053336,41.5667,108.5167,1290.0,HALIUT,1973,2020,23058
CHM00053420,40.97,107.17,1057.0,XAMBA,1956,1958,1094
CHM00053463,40.85,111.5667,1153.5,HOHHOT,1956,2022,45377
CHM00053513,40.7333,107.3667,1041.0,LINHE,1973,2021,34918
CHM00053543,39.8333,109.9833,1459.0,DONGSHENG,1963,2020,23574
CHM00053546,39.283,109.75,1310.0,CHASAKOCHI,1957,1962,3515
CHM00053614,38.4667,106.2,1112.0,YINCHUAN,1957,2021,46006
CHM00053772,37.6206,112.5767,776.0,TAIYUAN,1956,2022,46899
CHM00053798,37.1808,114.3589,184.0,XINGTAI,1967,2020,26270
CHM00053845,36.5667,109.45,958.9,YANAN,1956,2021,45285
CHM00053915,35.55,106.6667,1348.0,PINGLIANG,1959,2021,39662
CHM00054102,43.95,116.1167,1004.0,XILINHOT,1956,2022,45729
CHM00054135,43.6,122.2667,180.0,TONGLIAO,1959,2021,41649
CHM00054161,43.9,125.2167,238.0,CHANGCHUN,1956,2022,46264
CHM00054218,42.3,118.8333,668.6,CHIFENG,1956,2021,44893
CHM00054292,42.8667,129.5,258.0,YANJI,1956,2021,43338
CHM00054337,41.117,121.067,30.0,JINZHOU,1960,2007,26088
CHM00054339,41.1167,122.95,122.0,ANSHAN,1960,1961,362
CHM00054342,41.7333,123.5167,49.0,SHENYANG,1956,2019,45359
CHM00054374,41.8,126.8833,385.0,LINJIANG,1959,2021,41601
CHM00054401,40.7833,114.8833,774.1,ZHANGJIAKOU,1973,2020,23070
CHM00054497,40.083,124.333,13.0,DANDONG,1960,2007,24594
CHM00054511,39.9333,116.2833,32.5,BEIJING,1956,2022,47037
CHM00054534,39.6667,118.1167,57.0,TANGSHAN,1960,1961,251
CHM00054662,38.9,121.6333,97.0,DALIAN,1944,2022,44954
CHM00054714,37.4833,116.3667,23.0,TEHSIEN/TECHOW,1959,1961,498
CHM00054727,36.7,117.55,123.0,ZHANGQIU,2003,2021,12751
CHM00054776,37.4,122.683,47.0,CHENGSHANTOU,1973,2000,15581
CHM00054823,36.683,116.983,58.0,JINAN,1956,2003,33391
CHM00054843,36.7,119.1167,38.0,WEIHSIEN,1960,1961,254
CHM00054857,36.0667,120.3333,77.0,QINGDAO,1956,2021,54499
CHM00055299,31.4833,92.0667,4508.0,NAGQU,1957,2021,39474
CHM00055591,29.6667,91.1333,3650.0,LHASA,1957,2021,41179
CHM00055664,28.633,87.083,4302.0,TINGRI,1973,2000,4882
CHM00056004,33.95,92.617,4535.0,TUOTUOHE,1973,1999,11291
CHM00056029,33.0,96.95,3716.9,YUSHU,1959,2021,37434
CHM00056046,33.8,99.8,3968.0,DARLAG,1967,1999,12064
CHM00056080,35.0,102.9,2910.0,HEZUO,1960,2021,38415
CHM00056096,33.383,104.917,1079.0,WUDU,1957,2002,27511
CHM00056137,31.15,97.1667,3307.0,QAMDO,1957,2021,38241
CHM00056146,31.6167,100.0,3394.0,GARZE,1957,2021,39412
CHM00056172,31.9,102.233,2666.0,BARKAM,1960,1987,6148
CHM00056187,30.75,103.8667,549.0,WENJIANG,2004,2021,11996
CHM00056247,29.967,99.067,2589.0,BATANG,1972,2002,19656
CHM00056294,30.667,104.017,508.0,CHENGDU,1956,2004,34761
CHM00056312,29.5667,94.4667,3001.0,NYINGCHI,1973,2000,6509
CHM00056444,28.45,98.883,3320.0,DEQEN,1967,1988,6169
CHM00056492,28.817,104.533,342.0,YIBIN,1957,2002,27926
CHM00056533,27.6667,98.3833,2051.0,LAWANG/TZUKEI,1959,1961,857
CHM00056571,27.9,102.2667,1599.0,XICHANG,1956,2021,41938
CHM00056651,26.867,100.233,2394.0,LIJING,1964,2002,20204
CHM00056691,26.8667,104.2833,2236.0,WEINING,1960,2021,40096
CHM00056739,24.9844,98.5056,1696.9,TENGCHONG,1956,2022,43386
CHM00056778,25.0167,102.6833,1892.0,KUNMING,1956,2021,42833
CHM00056779,25.0167,102.8333,1982.0,KAN-HAI-TZU,1960,1961,598
CHM00056964,22.7667,100.9833,1303.0,SIMAO,1957,2021,44457
CHM00056985,23.4444,103.3278,1313.6,MENGZI,1973,2021,33648
CHM00056989,22.5,103.95,138.0,HEKOU,1957,1979,13535
CHM00057036,34.3,108.933,398.0,XIAN,1956,2006,36675
CHM00057083,34.7167,113.65,111.0,ZHENGZHOU,1956,2022,57032
CHM00057127,33.0667,107.0333,509.0,HANZHONG,1959,2021,42798
CHM00057131,34.4333,108.9667,411.0,JINGHE,2007,2021,9799
CHM00057178,33.1,112.4833,181.6,NANYANG,1967,2021,36142
CHM00057245,32.43,109.02,291.2,ANKANG,1960,2002,23991
CHM00057290,32.967,114.05,85.0,ZHUMADIAN,1973,1996,6626
CHM00057328,31.217,107.5,342.0,DAXIAN,1960,2002,23565
CHM00057411,30.8,106.083,310.0,NANCHONG,1972,1983,8082
CHM00057447,30.2833,109.4667,458.0,ENSHI,1959,2021,42608
CHM00057461,30.7333,111.3667,257.7,YICHANG,1956,2021,45420
CHM00057494,30.6,114.05,24.0,WUHAN,1946,2022,57602
CHM00057516,29.6,106.4,541.1,CHONGQING,1957,2021,44750
CHM00057679,28.2,113.0833,46.0,CHANGSHA,1956,2019,43728
CHM00057749,27.5667,110.0,261.0,HUAIHUA,1956,2021,45581
CHM00057816,26.4833,106.65,1223.0,GUIYANG,1956,2021,45183
CHM00057957,25.3333,110.3,166.0,GUILIN,1957,2021,45193
CHM00057972,25.7353,112.9739,368.8,CHENZHOU,1956,2022,44423
CHM00057993,25.8667,115.0,134.0,GANZHOU,1956,2021,45979
CHM00058027,34.2833,117.15,42.0,XUZHOU,1956,2021,45698
CHM00058150,33.75,120.3,3.0,SHEYANG,1964,2021,37375
CHM00058203,32.8667,115.7333,33.0,FUYANG,1957,2021,43204
CHM00058238,31.9333,118.9,32.0,NANJING,1930,2022,47796
CHM00058321,31.867,117.233,36.0,HEFEI,1960,1987,9149
CHM00058362,31.4167,121.45,9.0,SHANGHAI(BAOSHAN),1956,2021,46795
CHM00058424,30.6167,116.9667,62.0,ANQING,1960,2021,37231
CHM00058457,30.2333,120.1667,43.0,HANGZHOU,1960,2021,50162
CHM00058606,28.6,115.9167,50.0,NANCHANG,1957,2022,45687
CHM00058633,28.9667,118.8667,82.9,QUXIAN,1956,2022,45640
CHM00058665,28.6167,121.4167,2.0,HONGJIA,1991,2021,21666
CHM00058666,28.45,121.883,84.0,DACHENDAO,1958,1991,18781
CHM00058725,27.3333,117.4667,219.0,SHAOWU,1958,2021,36668
CHM00058847,26.0833,119.2833,85.0,FUZHOU,1956,2021,54128
CHM00059023,24.7,108.0333,261.0,HECHI,1973,2020,22859
CHM00059082,24.8333,113.5,87.0,CHUCHIANG,1958,1961,1393
CHM00059096,24.367,114.483,214.0,LIANPING,1967,2002,20784
CHM00059134,24.4833,118.0833,139.0,XIAMEN,1958,2021,43671
CHM00059137,24.3,118.083,12.0,CHIANGYANG,1960,1960,188
CHM00059211,23.9,106.6,177.0,BAISE,1957,2021,43199
CHM00059265,23.4833,111.3,120.0,WUZHOU,1957,2021,43889
CHM00059280,23.7,113.0833,78.0,QINGYUAN,1997,2021,18113
CHM00059287,23.217,113.483,71.0,GUANGZHOU,1956,1995,28004
CHM00059293,23.8,114.7333,61.0,HEYUAN,2015,2020,2987
CHM00059316,23.35,116.6667,4.0,SHANTOU,1957,2021,56245
CHM00059431,22.6333,108.2167,126.0,NANNING,1956,2021,45636
CHM00059644,21.4833,109.1,16.0,BEIHAI,1973,2015,9881
CHM00059663,21.8333,111.9667,91.0,YANGJIANG,1966,2020,25011
CHM00059758,20.0,110.25,64.0,HAIKOU,1956,2021,56245
CHM00059948,18.2167,109.5833,420.0,SANYA,1973,2020,23148
CIM00085442,-23.4503,-70.4408,113.0,ANTOFAGASTA,1957,2023,29901
CIM00085469,-27.1606,-109.4267,172.0,ISLADEPASCUA,1966,2023,14728
CIM00085543,-32.78,-71.51,8.0,QUINTERO(MIL),1957,1999,28938
CIM00085586,-33.6547,-71.6144,73.0,SANTODOMINGO,1999,2023,14430
CIM00085799,-41.4347,-73.0975,84.0,PUERTOMONTT,1957,2023,29196
CIM00085934,-53.0033,-70.845,38.0,PUNTAARENAS,1975,2023,15932
CJM00078384,19.2917,-81.3583,3.0,OWENROBERTSAIRPORTGRANDCAY,1956,2023,36509
CKM00096996,-12.1892,96.8344,3.0,COCOSISLANDAERO,1952,2023,44806
CMM00064870,7.35,13.5667,1114.0,NGAOUNDERE,1973,2022,13969
CMM00064910,4.0167,9.7,10.0,DOUALAR.S.,1953,2023,28748
COM00080001,12.5833,-81.7167,1.0,SANANDRES(ISLA)/SESQUICENTEN,1956,2023,25890
COM00080035,11.5333,-72.9333,4.0,RIOHACHA/ALMIRANTEPADILLA,1992,2016,2967
COM00080222,4.7,-74.15,2547.0,BOGOTA/ELDORADO,1960,2023,25171
COM00080241,4.55,-70.917,167.0,LASGAVIOTAS,1973,2003,3770
COM00080259,3.55,-76.3833,961.0,CALI/ALFONSOBONILLAARAGON,2016,2022,1615
COM00080337,1.85,-78.767,5.0,TUMACO,1975,1976,344
COM00080398,-4.1667,-69.95,84.0,LETICIA/VASQUEZCOBO,1986,2023,5769
CSM00078762,9.9833,-84.1833,908.0,JUANSANTAMARIAINT.AIRPORT,1972,2021,11018
CTM00064650,4.4,18.5167,365.0,BANGUI,1950,2020,34561
CUM00078325,23.167,-82.35,50.0,CASABLANCA,1948,1995,8864
CUM00078355,21.4,-77.85,122.0,CAMAGUEY,1948,1994,5786
CUM00078367,19.9,-75.217,56.0,GUANTANAMOBAYNAS,1948,1991,23093
CVM00008594,16.7419,-22.9489,54.1,SAL,1950,2019,17887
CWM00091801,-9.0,-158.05,1.0,PENRHYN,1978,2008,8316
CWM00091843,-21.2,-159.8167,7.0,RAROTONGA,1968,2016,23629
CYM00017601,34.583,32.983,23.0,AKROTIRI,1976,2001,17510
CYM00017603,34.683,32.817,113.0,EPISKOPI,1970,1976,4391
CYM00017607,35.1408,33.3964,162.0,ATHALASSA,1949,2019,35235
DAM00006030,57.1,9.867,3.0,FLYVESTATIONAALBOR,1967,1992,4824
DAM00006060,56.2933,9.1139,52.1,FLYVESTATIONKARUP,1999,2023,5938
DAM00006180,55.6333,12.6667,5.0,KOBENHAVN/KASTRUP,1949,1962,8553
DAM00006181,55.767,12.533,40.0,JAEGERSBORG,1962,2006,40587
DRM00078467,19.05,-69.3833,11.3,SABANADELAMAR,1956,1962,4059
DRM00078486,18.4333,-69.8833,14.0,SANTODOMINGO,1962,2023,26474
ECM00084008,-0.9,-89.6,8.0,SANCRISTOBALRADIOSONDA,1967,2019,3825
ECM00084111,-2.2,-81.0,8.0,CHINCHIPE,1943,1945,601
ECM00084203,-2.1581,-79.8839,6.0,GUAYAQUILAEROPUERTO,1957,2021,5644
EGM00062306,31.3253,27.2217,29.0,MERSAMATRUH,1934,2023,40151
EGM00062337,31.0733,33.8358,36.9,ELARISH,1950,2023,13429
EGM00062366,30.1333,31.5667,74.0,CAIRO,1933,1960,6267
EGM00062378,29.8628,31.3492,139.3,HELWAN,1920,2023,45746
EGM00062403,26.2003,32.7467,96.0,SOUTHOFVALLEYUNIVERSITY,2003,2023,4550
EGM00062414,23.9644,32.82,201.8,ASSWAN,1936,2023,38692
EGM00062423,27.0583,27.9892,82.2,FARAFRA,1953,2023,9347
EIM00003953,51.9381,-10.2433,23.9,VALENTIAOBSERVATORY,1949,2023,69489
ENM00026038,59.3981,24.6028,32.9,TALLINN-HARKU,1947,2023,50512
ERM00063021,15.283,38.917,2325.0,ASMARA,1977,1991,2299
ETM00063450,9.0333,38.75,2354.0,ADDISABABA-BOLE,1958,2021,11796
ETM00063478,5.9,43.583,295.0,GODE,1977,1988,237
EZM00011518,50.1,14.2833,374.0,PRAHA/RUZYNE,1949,1967,8770
EZM00011520,50.0078,14.4469,302.0,PRAHA-LIBUS,1969,2023,69767
EZM00011722,49.08,16.62,195.0,BRNOREBESOVICE,1996,2003,4516
EZM00011747,49.4525,17.1347,214.8,PROSTEJOV,2003,2023,13963
FGM00081405,4.8222,-52.3653,8.0,CAYENNEMATOURY,1953,2019,27508
FIM00002836,67.3667,26.6289,179.0,SODANKYLAARCTICRESEARCHCENT,1920,2023,64570
FIM00002935,62.3975,25.6708,139.0,JYVASKYLAAIRPORT,1957,2016,54064
FIM00002963,60.8139,23.4975,104.0,JOKIOINENOBSERVATORY,1957,2023,62417
FIM00002974,60.3167,24.9667,58.0,HELSINKI/SEUTALA,1949,1956,4544
FJM00091680,-17.75,177.45,13.0,NADIAIRPORT,1949,2023,41452
FKM00088889,-51.82,-58.4481,74.0,MOUNTPLEASANTAIRPORT,1990,2023,23029
FKM00088890,-51.7,-57.8667,51.0,STANLEY,1948,1962,4603
FMM00091317,7.383,143.917,4.0,WOLEAIATOLL,1979,1979,106
FMM00091334,7.45,151.8333,3.0,TRUK/CAROLINEIS.,1951,2023,46821
FMM00091348,6.95,158.2,38.0,PONAPE/CAROLINEIS.,1950,2023,54579
FMM00091356,5.3333,163.0167,4.0,KUSAIE/CAROLINES,1951,1958,1652
FMM00091413,9.4833,138.0667,15.0,YAP/CAROLINEIS.,1949,2023,46491
FMM00091434,1.083,154.767,3.0,KAPINGAMARANGIATOL,1958,1979,487
FOM00006011,62.0231,-6.7647,54.0,TORSHAVN,1949,2023,51612
FPM00091902,-4.05,-154.9833,7.0,MALDENISLANDAF,1962,1962,274
FPM00091925,-9.8061,-139.0356,51.0,HIVA-OA,1968,2021,28379
FPM00091938,-17.5553,-149.6145,2.0,TAHITI-FAAA,1957,2019,40187
FPM00091943,-14.4833,-145.0333,2.0,TAKAROAATOLL,1973,2009,17249
FPM00091944,-18.067,-140.95,3.0,HAO,1971,1997,18186
FPM00091946,-20.7667,-138.55,2.0,TUREIA,1970,1971,271
FPM00091948,-23.1303,-134.9653,91.0,MANGAREVA,1970,2022,26806
FPM00091952,-21.817,-138.8,3.0,MURUROA,1974,1997,6907
FPM00091954,-23.35,-149.4833,2.0,TUBUAIISLAND,1973,2010,19527
FPM00091958,-27.6183,-144.3347,2.0,RAPA,1967,2022,28507
FRM00007110,48.4442,-4.4119,99.0,BREST-GUIPAVAS,1940,2023,64497
FRM00007145,48.7744,2.0097,167.0,TRAPPES,1949,2023,59143
FRM00007180,48.6833,6.2167,225.0,NANCY/ESSEY,1954,2010,32474
FRM00007190,48.55,7.6333,154.0,STRASBOURG,1920,1952,1364
FRM00007255,47.067,2.367,161.0,BOURGES,1973,2001,3475
FRM00007354,46.85,1.7167,164.3,CHATEAUROUX,1957,1964,5082
FRM00007480,45.717,4.95,200.0,LYON-BRON,1948,1975,10582
FRM00007481,45.7264,5.0778,250.0,LYON-STEXUPERY,1975,2011,35372
FRM00007510,44.8306,-0.6914,51.0,BORDEAUXMERIGNAC,1920,2023,63125
FRM00007630,43.633,1.367,154.0,TOULOUSEBLAGNAC,1973,1984,1937
FRM00007645,43.8569,4.4064,60.0,NIMES-COURBESSAC,1949,2023,58503
FRM00007680,43.417,6.75,6.0,SAINT-RAPHAEL,1982,1982,230
FRM00007690,43.65,7.2,4.0,NICE,1973,1999,437
FRM00007761,41.9181,8.7928,6.0,AJACCIO,1951,2023,48228
FSM00061996,-37.7953,77.5692,27.0,MARTINDEVIVIES,1951,2011,16637
FSM00061998,-49.3522,70.2433,29.0,PORT-AUX-FRANCAIS,1968,2018,15904
GBM00064500,0.45,9.4167,12.0,LIBREVILLE,1973,2022,13957
GGM00037260,43.017,41.033,118.0,SUKHUMI(AGMS),1947,1992,37578
GGM00037484,41.633,41.6,32.0,BATUMI,1968,1991,7554
GGM00037549,41.6833,44.95,467.0,TBILISI/NOVOALEXEYE,1946,2004,30083
GIM00008495,36.15,-5.35,3.0,GIBRALTAR,1951,2015,52600
GLM00004202,76.533,-68.75,77.0,PITUFFIK,1946,2006,50379
GLM00004220,68.7081,-52.8517,43.0,AASIAAT(EGEDESMINDE),1950,2023,48087
GLM00004231,67.0,-50.8,46.0,KANGERLUSSUAK,1946,1950,3155
GLM00004270,61.1667,-45.4167,34.0,MITTARFIKNARSARSUAQ,1946,2023,56795
GLM00004310,81.6,-16.67,40.0,NORD,1953,1972,10981
GLM00004320,76.7694,-18.6681,11.0,DANMARKSHAVN,1950,2023,45032
GLM00004339,70.4844,-21.9511,70.0,ITTOQQORTOORMIIT,1946,2023,30033
GLM00004340,70.42,-21.97,22.0,KAPTOBIN,1949,1980,18381
GLM00004360,65.6111,-37.6367,54.0,TASIILAQ(AMMASSALIK),1949,2023,46966
GLM00004417,72.5803,-38.4586,3255.0,GEOSUMMIT,2012,2023,6434
GLXUA042705,63.43,-51.18,41.0,MARRAKPOINT,1947,1948,353
GMM00010034,54.6333,9.35,20.0,EGGEBECK,1949,1954,2824
GMM00010035,54.5333,9.55,47.0,SCHLESWIG,1954,2023,70962
GMM00010046,54.383,10.15,31.0,KEIL/HOLTENAU,1969,1994,15248
GMM00010113,53.7139,7.1525,11.0,NORDERNEY,2011,2023,8325
GMM00010122,53.5333,7.8833,7.0,JEVER,1949,1952,872
GMM00010184,54.0978,13.4075,2.0,GREIFSWALD,1950,2023,74275
GMM00010200,53.3894,7.2269,0.0,EMDEN-FLUGPLATZ,1952,2011,46395
GMM00010238,52.8153,9.9247,70.0,BERGEN,1969,2023,52361
GMM00010304,52.7156,7.3175,19.0,MEPPEN,1972,2023,23791
GMM00010307,52.267,7.433,78.0,NORDHORN,1971,1985,5346
GMM00010338,52.467,9.7,55.0,HANNOVER,1949,1997,44613
GMM00010384,52.483,13.417,46.0,BERLIN/TEMPELHOF,1941,1993,30570
GMM00010393,52.2167,14.1167,112.0,LINDENBERG,1905,2023,107470
GMM00010404,51.733,6.267,43.0,KALKAR,1971,1978,3052
GMM00010410,51.4056,6.9686,153.0,ESSEN-BREDENEY,1965,2023,60448
GMM00010419,51.2333,7.6,458.0,LUDENSCHEID,1949,1952,1004
GMM00010437,51.13,9.28,223.0,FRITZLAR/KASSELER,1977,2007,21333
GMM00010454,51.85,10.7667,234.0,WERNIGERODE,1950,1964,9806
GMM00010468,51.55,12.0667,106.0,OPPIN,2000,2006,3700
GMM00010486,51.11,13.67,249.0,WAHNSDORF,1950,2000,40165
GMM00010513,50.8667,7.1333,91.0,KOLN/BONN,1962,1965,1759
GMM00010548,50.5617,10.3772,450.0,MEININGEN,1969,2023,61863
GMM00010610,49.95,6.57,367.0,BITBURG,1954,1959,3760
GMM00010618,49.6928,7.3264,376.0,IDAR-OBERSTEIN,1971,2023,57251
GMM00010619,49.65,7.3,426.0,BAUMHOLDER(USA-AF),1974,1989,1342
GMM00010633,50.05,8.33,139.0,WIESBADEN,1946,1957,9837
GMM00010639,50.017,8.667,135.0,LANGEN,1973,1975,349
GMM00010642,50.167,8.95,112.0,HANAU,1969,1989,804
GMM00010659,49.75,10.2,212.0,KITZINGENAAF,1971,1985,631
GMM00010687,49.7,11.95,414.0,GRAFENWOEHR,1970,1992,3151
GMM00010739,48.8333,9.2,314.0,STUTTGART/SCHNARRENBERG,1957,2023,66044
GMM00010764,49.383,11.167,386.0,FEUCHT(USA-AF),1979,1990,1528
GMM00010771,49.4283,11.9022,417.0,KUEMMERSBRUCK,1969,2023,55340
GMM00010828,48.1,9.25,646.0,SIGMARINGEN,1995,2007,7537
GMM00010866,48.354,11.786,453.0,MUNICH/RIEM,1946,1976,20686
GMM00010868,48.2442,11.5525,484.0,MUENCHEN-OBERSCHLEISSHEIM,1976,2023,53330
GMM00010921,47.983,8.9,807.0,NEUHAUSENOBECK,1971,1994,13874
GMM00010934,47.65,9.4833,407.0,FRIEDRICHSHAFEN,1909,1954,1299
GMM00010954,47.8342,10.8667,756.0,ALTENSTADT,1977,2023,19079
GMM00010962,47.8019,11.0119,977.0,HOHENPEISSENBERG,1982,2023,4143
GPM00078897,16.2639,-61.5164,11.0,LERAIZETAERO,1952,2019,40756
GQM00091212,13.4767,144.7944,75.4,WEATHERFORECASTOFFICE,1945,2023,63515
GRM00016622,40.5272,22.9714,6.7,THESSALONIKI(AIRPORT),1955,2023,27537
GRM00016716,37.8897,23.7417,43.1,ATHINAIHELLINIKON,1949,2023,61637
GRM00016754,35.3353,25.1819,35.0,HERAKLEION(AIRPORT),1964,2023,39817
GTM00078641,14.5333,-90.5667,1496.3,GUATEMALACITY,1973,1990,5620
HKM00045004,22.3272,114.1686,24.0,KOWLOON,1949,2023,83586
HMM00094997,-53.1,73.7167,13.0,HEARDIS.(THESPIT),1948,1954,2295
HOM00078501,17.4,-83.9333,11.3,SWANISLAND,1948,1980,22712
HOM00078720,14.05,-87.25,1002.0,TEGUCIGALPA,1976,1997,5493
HOM00078721,14.3667,-87.6167,628.0,SOTOCANOAB,2008,2012,298
HOW00011816,13.3,-87.1833,49.1,CHOLUTECA,1973,1975,767
HRM00013334,43.517,16.433,128.0,SPLIT/MARJAN,1956,1989,4568
HRM00014240,45.8219,16.0336,123.0,ZAGREB/MAKSIMIR,1955,2023,46750
HRM00014430,44.0969,15.3403,78.0,ZADARRS,1982,2023,13508
HUM00012812,47.267,16.633,221.0,SZOMBATHELY,1982,1982,183
HUM00012843,47.4333,19.1833,138.0,BUDAPEST/PESTSZENTLORINC,1949,2023,58573
HUM00012982,46.25,20.1,82.0,SZEGED,1965,2023,39141
ICM00004018,63.9806,-22.595,52.0,KEFLAVIKURFLUGVOLLUR,1946,2023,68398
ICM00004089,65.2833,-14.4,23.0,EGILSSTADIR,1996,2023,2989
IDM00096035,3.6403,98.8786,25.0,KUALANAMUMEDAN,1973,2023,48567
IDM00096163,-0.7883,100.2808,3.0,MIAPADANG,1973,2023,41534
IDM00096237,-2.1667,106.1333,33.0,PANGKALPINANG,1973,2023,36206
IDM00096749,-6.1167,106.65,8.0,JAKARTA/SOEKARNO-HATTA,1909,2023,49030
IDM00096781,-6.9,107.583,740.0,BANDUNG/HUSEIN,1961,1989,2478
IDM00096935,-7.3772,112.7939,3.0,JUANDASURABAYA,1957,2023,44683
IDM00097014,1.5333,124.9167,80.0,MENADO/SAMRATULANGI,1973,2023,37635
IDM00097072,-0.6833,119.7333,6.0,PALU/MUTIARA,1975,2023,33684
IDM00097180,-5.0667,119.55,14.0,UJUNGPANDANG/HASANUDDIN,1973,2023,43771
IDM00097372,-10.1667,123.6667,108.0,KUPANG/ELTARI,1973,2023,35443
IDM00097502,-0.8939,131.2858,3.0,DEOSORONG,1987,2023,9544
IDM00097560,-1.1833,136.1167,11.0,BIAK/FRANSKAISIEPO,1973,2023,29842
IDM00097724,-3.7,128.0833,12.0,AMBON/PATTIMURA,1978,2023,31847
IDM00097900,-7.9833,131.3,24.0,SAUMLAKI/OLILIT,1978,2023,34180
IDM00097980,-8.4667,140.3833,3.0,MERAUKE/MOPAH,1987,2023,16280
INM00042027,34.0833,74.8333,1585.0,SRINAGAR,1962,2023,25292
INM00042056,32.6667,74.8333,318.0,JAMMU,2015,2023,2082
INM00042071,31.6333,74.8667,229.0,AMRITSAR,1957,2022,2902
INM00042079,31.5333,76.9,874.0,SUNDERNAGAR,2016,2023,1920
INM00042101,30.3333,76.4667,251.0,PATIALA,1975,2022,24001
INM00042182,28.5833,77.2,211.0,NEWDELHI/SAFDARJUNG,1930,2023,70101
INM00042299,27.3333,88.6167,1756.0,GANGTOK,2016,2023,1854
INM00042314,27.4833,95.0167,110.0,DIBRUGARH/MOHANBARI,1945,2022,32826
INM00042339,26.3,73.0167,217.0,JODHPUR,1935,2023,65768
INM00042361,26.2333,78.25,205.0,GWALIOR,1938,2023,44652
INM00042369,26.75,80.8833,122.0,LUCKNOW/AMAUSI,1967,2023,49409
INM00042379,26.75,83.3667,78.3,GORAKHPUR,1973,2023,33401
INM00042397,26.6667,88.3667,123.0,SILIGURI,1973,2015,19334
INM00042399,26.5333,88.7167,83.0,JALPAIGURI,2015,2020,1810
INM00042410,26.1,91.5833,54.0,GUWAHATI,1956,2023,55052
INM00042475,25.45,81.733,98.0,ALLAHABAD/BAMHRAULI,1930,2018,22124
INM00042492,25.6,85.1667,51.0,PATNA,1928,2023,21880
INM00042516,25.5667,91.8833,1500.0,SHILLONGS0603Z,1953,1954,280
INM00042647,23.0667,72.6333,55.0,AHMADABAD,1928,2023,61426
INM00042667,23.2833,77.35,522.0,BHOPAL/BAIRAGHAR,1973,2023,36243
INM00042701,23.3167,85.3167,646.0,M.O.RANCHI,1929,2022,12429
INM00042724,23.8833,91.25,16.0,AGARTALA,1973,2023,38359
INM00042779,22.767,81.9,625.0,PENDRAROAD,1981,1993,5308
INM00042809,22.65,88.45,6.0,KOLKATA/DUMDUM,1938,2023,68171
INM00042867,21.1,79.05,310.0,NAGPURSONEGAON,1946,2023,62864
INM00042874,21.2333,81.65,296.0,PBORAIPUR,1973,2023,19464
INM00042909,20.9,70.367,6.0,VERAVAL,1941,2008,17106
INM00042970,20.48,85.87,26.0,CUTTACK,1945,1946,318
INM00042971,20.25,85.8333,45.0,BHUBANESHWAR,1971,2023,49145
INM00043003,19.1167,72.85,14.2,BOMBAY/SANTACRUZ,1938,2023,65083
INM00043014,19.85,75.4,585.0,AURANGABADCHIKALTHANAAERODRO,1973,2023,34956
INM00043041,19.0833,82.0333,554.0,JAGDALPUR,1973,2022,26970
INM00043049,19.2667,84.8833,16.4,GOPALPUR,1973,2023,9146
INM00043063,18.5333,73.85,555.0,PUNE,1926,2023,24351
INM00043128,17.45,78.4667,530.0,HYDERABADAIRPORT,1929,2023,52789
INM00043150,17.6833,83.3,69.9,VISHAKHAPATNAM/WALTAIR,1938,2023,60361
INM00043181,16.533,80.8,24.0,VIJAYAWADA/GANNAVA,1973,1982,8012
INM00043185,16.2,81.15,3.0,MACHILIPATNAM/FRANCHPET,1983,2022,33718
INM00043192,15.4833,73.8167,58.4,GOA/PANJIM,1954,2021,25052
INM00043279,13.0,80.1833,13.7,CHENNAI/MINAMBAKKAM,1926,2023,70779
INM00043285,12.95,74.8333,30.8,MANGALORE/PANAMBUR,1973,2023,28681
INM00043295,12.9667,77.5833,917.0,BANGALORE,1926,2023,52040
INM00043311,11.1167,72.7333,2.7,AMINIDIVI,1973,2020,26613
INM00043333,11.6667,92.7167,79.0,PORTBLAIR,1926,2023,51539
INM00043346,10.9167,79.8333,6.9,KARAIKAL,1973,2023,42736
INM00043353,9.9333,76.2333,1.0,COCHIN(IN-NAVY),1967,2021,17109
INM00043368,9.15,92.81,10.0,CARNICOBAR,1940,1990,1627
INM00043369,8.3,73.15,0.9,MINICOY,1965,2021,40884
INM00043371,8.4833,76.95,59.9,THIRUVANANTHAPURAM,1928,2023,58614
IOM00061967,-7.3,72.4,3.0,DIEGOGARCIA,1967,2006,16326
IRM00040706,38.0833,46.2833,1367.0,TABRIZ,1970,2023,11513
IRM00040745,36.2667,59.6333,999.0,MASHHAD,1969,2023,16542
IRM00040754,35.6833,51.3167,1204.0,TEHRAN-MEHRABAD,1961,2023,27988
IRM00040766,34.35,47.15,1319.0,KERMANSHAH,1973,2023,16103
IRM00040800,32.5175,51.7061,1550.4,ESFAHAN,1969,2023,10152
IRM00040809,32.8667,59.2,1491.0,BIRJAND,1989,2023,7562
IRM00040811,31.3333,48.6667,20.0,AHWAZ,1989,2023,5868
IRM00040821,31.9,54.2833,1238.0,YAZD,2005,2012,1516
IRM00040841,30.25,56.9667,1748.0,KERMAN,1967,2023,11302
IRM00040848,29.5333,52.6,1484.0,SHIRAZ,1968,2023,10966
IRM00040856,29.4667,60.8833,1370.0,ZAHEDAN,2005,2023,4878
IRM00040875,27.2167,56.3667,10.0,BANDARABBASS,1989,2022,7448
ISM00040179,32.0,34.8167,35.0,BETDAGAN,1963,2023,65041
ISM00040181,31.933,34.833,63.0,BEER-YAAQOVTO401790,1956,1963,2572
ISM00040186,31.8667,34.6833,20.0,ASHDODNORTH,2008,2018,1453
ITM00016037,46.0303,12.5992,113.0,AVIANO,2010,2011,1508
ITM00016044,46.0333,13.1833,93.0,UDINE/CAMPOFORMIDO,1958,2016,58072
ITM00016045,45.9806,13.0592,50.0,UDINE/RIVOLTORDS,2016,2023,5003
ITM00016080,45.4614,9.2831,104.0,MILANOLINATERDS,1949,2021,63413
ITM00016113,44.5392,7.6125,385.0,CUNEO-LEVALDIGIRDS,2000,2023,12015
ITM00016144,44.6539,11.6225,10.0,S.PIETROCAPOFIUMERDS,1986,2023,19021
ITM00016242,41.8,12.233,3.0,ROMAFIUMICINO,1952,1986,25186
ITM00016245,41.67,12.4508,32.0,PRATICADIMARERDS,1986,2023,37623
ITM00016320,40.6603,17.9567,14.5,BRINDISIRDS,1953,2021,61985
ITM00016420,38.2,15.55,59.0,MESSINA,1950,1966,5442
ITM00016429,37.9142,12.4914,7.3,TRAPANIBIRGIRDS,1974,2023,48466
ITM00016546,39.3461,8.9675,29.0,DECIMOMANNURDS,2012,2023,8009
ITM00016560,39.2436,9.06,4.0,CAGLIARIELMAS,1949,2012,48789
IVM00065548,7.383,-7.517,339.0,MAN,1973,2023,22689
IVM00065555,7.733,-5.067,376.0,BOUAKE,1940,1997,14811
IVM00065578,5.25,-3.9333,7.0,ABIDJAN,1940,2023,58048
IZM00040648,33.37,43.57,45.0,ALHABBANIYAH,1949,1958,5634
IZM00040650,33.3,44.4,32.0,BAGHDADINT.AIRPORT,1958,2015,14024
IZM00040689,30.517,47.783,2.0,BASRAH-HUSSEN,1957,1990,2290
JAM00047401,45.415,141.6789,2.8,WAKKANAI,1949,2023,71893
JAM00047412,43.06,141.3286,17.5,SAPPORO,1949,2023,73286
JAM00047418,42.9531,144.4375,14.1,KUSHIRO,2010,2022,8720
JAM00047420,43.3333,145.5833,26.0,NEMURO,1957,2010,57934
JAM00047580,40.7053,141.3719,36.3,MISAWAAB,1948,2020,46317
JAM00047582,39.7175,140.0992,6.3,AKITA,1956,2023,68522
JAM00047590,38.267,140.9,43.0,SENDAI,1956,2008,57672
JAM00047600,37.3914,136.8953,5.2,WAJIMA,1956,2023,68443
JAM00047646,36.0581,140.1258,25.2,TATENO,1949,2023,69125
JAM00047678,33.1217,139.7792,151.2,HACHIJOJIMA,1958,2023,64409
JAM00047681,34.7503,137.703,45.7,HAMAMATSUAB,1966,2019,37467
JAM00047696,35.28,139.67,49.0,YOKOSUKA,1955,1957,1414
JAM00047741,35.4572,133.0656,16.9,MATSUE,2010,2023,9266
JAM00047744,35.4333,133.35,6.0,YONAGO,1949,2010,60127
JAM00047764,34.15,132.22,2.0,IWAKUNI,1955,1990,2734
JAM00047772,34.683,135.517,83.0,OSAKA,1947,1992,7833
JAM00047778,33.4503,135.7572,67.5,SHIONOMISAKI,1956,2023,68151
JAM00047807,33.5822,130.3764,2.5,FUKUOKA,1947,2023,77316
JAM00047827,31.555,130.5481,3.9,KAGOSHIMA,1956,2023,68718
JAM00047881,34.133,134.6,8.0,TOKUSHIMAAB,1970,2006,5284
JAM00047909,28.3942,129.5528,294.1,NAZE/FUNCHATOGE,1957,2023,67604
JAM00047918,24.3367,124.1644,5.7,ISHIGAKIJIMA,1964,2023,62038
JAM00047931,26.35,127.75,45.0,KADENAAB,1948,1990,24180
JAM00047936,26.2,127.683,27.0,NAHA,1973,2008,45567
JAM00047945,25.8289,131.2286,15.3,MINAMIDAITOJIMA,1961,2023,64166
JAM00047963,30.483,140.3,83.0,TORISHIMA,1956,1965,6556
JAM00047971,27.0922,142.1914,2.7,CHICHIJIMA,1967,2023,39384
JAM00047981,24.783,141.333,106.0,IWOTO,1948,2008,16295
JAM00047991,24.2883,153.9833,7.1,MINAMITORISHIMA,1951,2023,50223
JMM00078397,18.0667,-76.85,786.0,COOPERSHILL,1956,2023,37215
JNM00001001,70.9397,-8.6678,9.0,JANMAYEN,1949,2020,48596
JNM00001005,78.0667,13.6333,9.0,ISFJORDRADIO,1957,1961,1297
JNM00001020,80.05,18.3,7.0,KINNVIKASTATION,1957,1958,259
JOM00040265,32.3667,36.25,683.0,MAFRAQ,1963,2023,19205
JQM00091275,16.7333,-169.5167,2.7,JOHNSTONISWSOAP,1946,1984,27741
KEM00063612,3.117,35.617,515.0,LODWAR,1973,1998,8644
KEM00063723,-0.467,39.633,138.0,GARISSA,1973,1999,7179
KEM00063741,-1.3036,36.7597,1798.3,DAGORETTICORNER,1949,2023,25864
KGM00036974,41.433,76.0,2041.0,NARYN,1967,1992,13926
KGM00038353,42.833,74.583,760.0,BISHKEK,1956,2007,24813
KGM00038613,40.917,72.95,765.0,DZHALAL-ABAD,1958,1992,30741
KNM00047041,39.9333,127.55,39.0,HAMHEUNG,1978,2015,11836
KNM00047058,39.0333,125.7833,36.0,PYONGYANG,1957,2020,29160
KRM00091492,2.0,-157.4,3.0,CHRISTMASISLAND,1962,2001,29424
KRM00091610,1.35,172.9167,2.0,TARAWA,1958,2023,21534
KRM00091701,-2.767,-171.717,3.0,KANTONISLAND,1943,1992,16684
KSM00047090,38.2508,128.5647,18.7,SOKCHO,2001,2015,10880
KSM00047101,37.9025,127.7358,78.2,CHUNCHEON,1970,2020,397
KSM00047102,37.966,124.63,146.0,BAENGNYEONGDO,1973,2008,8261
KSM00047110,37.567,126.783,17.0,GIMPOINTLAIRPORT,1945,1990,16411
KSM00047122,37.0833,127.0333,11.8,OSANAB,1957,2023,84862
KSM00047138,36.0319,129.38,2.9,POHANG,1967,2023,37740
KSM00047158,35.1167,126.8,12.5,GWANGJUAB,1973,2023,51240
KSM00047161,35.083,128.083,8.0,SACHEONAB,1952,2000,8441
KSM00047169,34.6872,125.4511,77.1,HEUKSANDO,2003,2023,14895
KSM00047185,33.2939,126.1628,74.8,GOSAN,1988,2016,21028
KSM00047187,33.233,126.25,27.0,MOESULPOAB,1954,1985,17945
KUM00040582,29.2425,47.9714,56.0,KUWAITINTERNATIONALAIRPORT,1983,2023,36469
KZM00028951,53.2333,63.6167,171.0,KOSTANAI,1950,2023,55243
KZM00035108,51.25,51.4,36.0,URALSK,1950,1996,34602
KZM00035229,50.2833,57.15,219.0,AKTOBE,1946,2023,58364
KZM00035361,50.133,65.233,142.0,AMANGELDY,1962,1989,15887
KZM00035394,49.8,73.15,553.0,KARAGANDA,1946,2023,55480
KZM00035671,47.8,67.7167,346.0,ZHEZKAZGAN,1961,2023,38249
KZM00035700,47.1167,51.9167,-22.0,ATYRAU,1951,2023,52053
KZM00035746,46.783,61.65,62.0,ARALSKOEMORE,1947,1995,40172
KZM00035796,46.8,75.083,350.0,BALHASH,1953,1995,36009
KZM00036003,52.3,76.9333,122.0,PAVLODAR,1958,2023,40459
KZM00036177,50.417,80.3,196.0,SEMIPALATINSK,1947,1995,42269
KZM00036859,44.167,80.067,645.0,ZHARKENT,1957,1994,23543
KZM00036872,43.3633,77.0042,662.7,ALMATY,1940,2023,57369
KZM00038064,44.7667,65.5167,133.4,KYZYLORDA,1950,2023,47527
KZM00038341,42.85,71.3,652.0,TARAZ,1956,2023,36066
LAM00048940,17.95,102.567,171.0,VIENTIANE,1973,1987,2162
LEM00040100,33.817,35.483,29.0,RAFICHARIRIINTL,1953,2007,12102
LGM00026406,56.483,21.017,7.0,LIEPAJA,1950,1992,26905
LGM00026422,56.917,23.967,3.0,RIGA,1942,2005,47749
LGM00026435,56.6425,25.1283,79.4,SKRIVERI,2006,2023,2948
LHM00026629,54.8839,23.8358,76.1,KAUNAS,1947,2023,46726
LOM00011934,49.067,20.25,696.0,POPRAD/TATRY,1952,1977,15541
LOM00011952,49.0333,20.3167,703.0,POPRAD-GANOVCE,1977,2023,49316
LQM00091385,5.8833,-162.05,2.0,PALMYRAISLAND,1951,1962,631
LYM00062010,32.6833,13.1667,80.0,TRIPOLIINTLARPT,1971,2010,18212
LYM00062011,32.9,13.2833,13.1,WHEELUS,1942,1970,18584
LYM00062019,31.2,16.583,14.0,SIRTE,1975,1995,2738
LYM00062053,32.1,20.2667,131.0,BENINA,1951,2013,16181
LYM00062062,32.1,23.933,51.0,TOBRUK,1958,1986,7553
LYM00062103,30.133,9.5,347.0,GHADAMES,1973,1997,5808
LYM00062124,27.0167,14.45,435.0,SEBHA,1975,2011,3998
LYM00062271,24.217,23.3,436.0,KUFRA,1973,1989,6321
MAM00067009,-12.35,49.3,114.0,ANTSIRANANA,1973,2001,8157
MAM00067083,-18.8,47.4833,1279.0,ANTANANARIVO/IVATO,1967,2023,35031
MAM00067085,-18.9,47.5333,1310.0,TANANARIVE/SCM,1952,1966,4211
MAM00067197,-25.0333,46.95,8.0,TAOLAGNARO,1972,2023,30390
MDM00033815,47.017,28.867,170.0,KISINEV,1949,2002,37217
MGM00044212,49.8,92.0833,940.0,ULAANGOM,1971,2023,21188
MGM00044231,49.6333,100.1667,1285.0,MUREN,1971,2023,21632
MGM00044259,48.0833,114.55,747.0,CHOIBALSAN,1973,2013,11826
MGM00044277,46.4,96.25,2182.0,ALTAI,1970,2013,14794
MGM00044288,46.2667,102.7833,1813.0,ARVAIHEER,1973,2013,13261
MGM00044292,47.9167,106.8667,1729.0,ULAANBAATAR,1956,2023,40898
MGM00044354,44.9,110.117,938.0,SAINSHAND,1957,1990,17817
MGM00044373,43.5833,104.4167,1465.0,DALANZADGAD,1959,2023,24145
MIM00067586,-13.783,33.767,1229.0,LILONGWEINTLAIRPO,1982,2002,7888
MIM00067587,-13.76,33.7,1135.0,LILONGWE,1968,1982,7210
MKM00013586,41.95,21.633,233.0,SKOPJE-AIRPORT,1973,2008,2454
MLM00061202,20.2,0.9833,494.0,TESSALIT,1948,2010,13490
MLM00061223,16.7167,-3.0,263.0,TOMBOUCTOU,1973,2012,28543
MLM00061290,12.633,-8.033,329.0,BAMAKO,1940,1974,18540
MLM00061291,12.5333,-7.95,380.0,BAMAKO/SENOU,1975,2023,49371
MOM00060119,34.3,-6.6,12.2,KENITRAPORTLYAUTEY,1948,1970,12066
MOM00060155,33.5667,-7.6667,56.0,CASABLANCA,1949,2023,26852
MOM00060191,32.367,-6.4,468.0,BENI-MELLAL,1986,2023,2472
MOM00060250,30.383,-9.567,23.0,AGADIRINEZGANNE,1969,1991,14085
MOM00060252,30.333,-9.417,74.0,AGADIRALMASSIRA,1992,2003,2971
MPM00061995,-20.2975,57.4947,423.0,VACOAS(MAURITIUS),1966,2022,23172
MQM00091066,28.2,-177.3833,5.5,MIDWAYISNAS,1947,1991,33263
MRM00061401,25.233,-11.617,364.0,BIRMOGHREIN,1951,1989,5175
MRM00061415,20.9333,-17.0333,5.0,NOUADHIBOU,1940,2023,33925
MRM00061442,18.1,-15.95,2.0,NOUAKCHOTT,1941,2023,32959
MTM00016597,35.85,14.483,91.0,LUQA,1949,2000,21963
MUM00041256,23.5953,58.2983,8.4,MUSCATINT'LAIRPORT,1978,2023,15184
MUM00041316,17.0439,54.1022,23.0,SALALAHAIRPORT,1973,2023,11349
MVM00043555,4.1917,73.5292,1.7,MALE,1975,2011,4090
MVM00043599,-0.6933,73.1556,1.8,GAN,1961,2021,5917
MXM00076151,28.883,-118.3,23.0,ISLAGUADALUPE,1971,1998,13025
MXM00076225,28.6667,-106.0333,1472.0,CHIHUAHUA,1964,2023,30112
MXM00076256,27.95,-110.8,12.0,EMPALME,1964,2023,27628
MXM00076382,25.533,-103.45,1150.0,TORREONAIRPORT,1994,2004,1530
MXM00076394,25.8667,-100.2333,448.0,AEROP.INTERNACIONALMONTERREY,1964,2023,27700
MXM00076405,24.1167,-110.3167,18.0,LAPAZ,1975,2023,14688
MXM00076458,23.2167,-106.4,3.0,COLONIAJUANCARRASCOMAZATLAN,1948,2023,34918
MXM00076491,23.73,-99.11,336.0,CIUDADVICTORIA,1948,1951,1366
MXM00076526,22.75,-102.5,2265.0,ZACATECASZAC.,2000,2023,8102
MXM00076595,21.0167,-86.85,9.0,CANCUN,1995,2023,8257
MXM00076612,20.7,-103.3833,1551.0,GUADALAJARA,1979,2023,14632
MXM00076644,20.95,-89.65,11.0,AEROP.INTERNACIONALMERIDA,1948,2023,39810
MXM00076654,19.0667,-104.3333,3.0,MANZANILLO,1976,2023,18947
MXM00076679,19.4333,-99.1333,2235.0,AEROP.INTERNACIONALMEXICO,1948,2023,44810
MXM00076692,19.15,-96.1333,19.0,HACIENDAYLANGYLANGVERACRUZ,1952,2023,32886
MXM00076723,18.717,-110.95,35.0,ISLASOCORRO,1973,2007,9477
MXM00076743,17.9833,-92.9333,6.0,VILLAHERMOSA,2005,2023,4690
MXM00076805,16.75,-99.75,3.0,ACAPULCO,1974,2023,10025
MXM00076903,14.9167,-92.25,118.0,TAPACHULA,2011,2023,2043
MYM00048601,5.3,100.2667,3.0,PENANG/BAYANLEPAS,1968,2023,64094
MYM00048615,6.1667,102.2833,5.0,KOTABHARU,1973,2023,60338
MYM00048647,3.117,101.55,27.0,KUALALUMPURSUBANG,1971,1998,23589
MYM00048648,3.1,101.65,46.0,PETALINGJAYA,1984,1999,10635
MYM00048650,2.7167,101.7,21.0,KUALALUMPURINTERNATIONALAIR,1999,2023,28976
MYM00048657,3.7833,103.2167,15.0,KUANTAN,1971,2023,55052
MYM00096413,1.4833,110.3333,22.0,KUCHING,1973,2023,58893
MYM00096441,3.2,113.0333,3.0,BINTULU,1973,2023,58871
MYM00096471,5.9333,116.05,2.0,KOTAKINABALU,1969,2023,57372
MYM00096481,4.2667,117.8833,20.0,TAWAU,1979,2023,22831
MZM00067237,-15.1,39.283,441.0,NAMPULA,1972,2005,4237
MZM00067341,-25.917,32.567,44.0,MAPUTO/MAVALANE,1937,1996,20132
NCM00091592,-22.2761,166.4528,70.0,NOUMEA(NLLE-CALEDONIE),1960,2019,41498
NFM00094996,-29.0389,167.9408,113.0,NORFOLKISLANDAERO,1943,2023,74709
NGM00061024,16.9667,7.9833,501.0,AGADEZ,1947,2023,49039
NGM00061052,13.4833,2.1667,223.0,NIAMEY-AERO,1940,2023,76970
NHM00091557,-17.7,168.3,20.0,BAUERFIELD(EFATE),1986,2016,7305
NHM00091558,-17.75,168.3,18.0,VILA(EFATE),1950,1985,12954
NIM00065046,12.05,8.5333,472.5,KANO,1972,2022,3355
NIM00065123,9.617,6.533,260.0,MINNA,1974,1980,440
NIM00065125,9.25,7.0,343.1,ABUJA,2006,2018,972
NIM00065201,6.583,3.333,38.0,LAGOS/IKEJA,1953,1975,3244
NIM00065202,6.5,3.3833,19.0,LAGOS/OSHODI,1966,2021,1446
NLM00006210,52.167,4.433,1.0,VALKENBURG,1994,2002,583
NLM00006235,52.9269,4.7811,1.2,DEKOOIJVK,1921,2014,2980
NLM00006260,52.0989,5.1797,1.9,DEBILTAWS,1911,2023,68841
NNM00078866,18.0333,-63.1167,3.0,JULIANAAIRPORT,1956,2023,26056
NOM00001010,69.3153,16.1308,10.0,ANDOYA,2014,2019,3637
NOM00001030,69.7,19.02,12.0,TROMSO,1939,1959,3783
NOM00001152,67.2669,14.3586,11.0,BODOVI,1942,2014,38387
NOM00001241,63.7056,9.6117,10.0,ORLANDIII,1959,2019,40245
NOM00001384,60.2,11.083,201.0,OSLO/GARDERMOEN,1949,2001,27726
NOM00001400,56.5422,3.2236,52.0,EKOFISK,1994,2019,15139
NOM00001415,58.8742,5.665,37.0,STAVANGER/SOLA,1949,2020,44300
NOM00001492,59.9428,10.7194,95.0,OSLO-BLINDERN,2001,2018,934
NPM00044454,27.7,85.367,1337.0,KATHMANDUAIRPORT,1977,1980,651
NRM00091532,-0.5167,166.9167,7.0,NAURUARC-2,1951,2013,6251
NUM00078741,12.15,-86.167,56.0,MANAGUAA.C.SANDINO,1947,2007,2831
NZM00093012,-35.1,173.267,54.0,KAITAIA,1973,1996,14537
NZM00093112,-36.7928,174.6214,30.0,WHENUAPAI,1957,2023,21340
NZM00093115,-36.85,174.78,5.0,AUCKLAND,1949,1957,2917
NZM00093119,-37.017,174.8,6.0,AUCKLANDAIRPORT,1967,1988,23125
NZM00093337,-39.467,175.683,821.0,WAIOURU,1968,1978,2309
NZM00093417,-40.9044,174.9839,6.0,PARAPARAUMUAERODROME,1973,2023,34470
NZM00093780,-43.483,172.55,30.0,CHRISTCHURCH,1954,1996,31930
NZM00093844,-46.4108,168.3178,2.0,INVERCARGILLAIRPORT,1950,2023,63593
NZM00093944,-52.55,169.15,15.0,CAMPBELLISLAND,1957,1995,18775
NZM00093986,-43.95,-176.5667,44.0,CHATHAMISL/TUUTA,1956,2011,16837
NZM00093997,-29.2447,-177.9289,47.7,RAOULISLAND,1952,2020,25271
ODM00062840,9.55,31.65,388.0,MALKAL,1935,1981,4130
PAM00086218,-25.2333,-57.5167,83.0,AEROPUERTOSILVIOPETTIROSSI,1975,2023,5765
PEM00084377,-3.783,-73.3,126.0,IQUITOS,1973,1980,705
PEM00084378,-3.7333,-73.25,117.0,MORONA,2003,2010,691
PEM00084416,-5.1833,-80.6,52.0,PIURAGRUP7,2003,2011,517
PEM00084628,-12.0167,-77.1167,12.0,LIMA/CALLAO,1957,2021,15908
PEM00084629,-12.15,-77.0,80.0,LASPALMAS,2009,2010,389
PFM00059981,16.8333,112.3333,5.0,XISHADAO,1958,2021,42683
PKM00041529,34.0333,71.9333,329.0,PESHAWAR,1926,2022,39488
PKM00041594,32.05,72.667,188.0,SARGODHA,1970,2007,19138
PKM00041640,31.55,74.3333,214.0,LAHORECITY,1960,2023,24171
PKM00041661,30.2667,66.9167,1620.0,QUETTA(SHEIKHMANDA),1926,2020,22046
PKM00041675,30.2,71.4333,122.0,MULTAN,1940,2023,24445
PKM00041756,25.0667,61.8,56.0,JIWANI,1938,2017,17618
PKM00041780,24.9,67.1333,21.0,KARACHIAIRPORT,1926,2023,56220
PLM00012105,54.2,16.1833,34.0,KOSZALIN,1965,1971,1537
PLM00012120,54.7536,17.5347,1.8,LEBA,1972,2023,42410
PLM00012330,52.417,16.85,84.0,POZNAN,1959,1992,31288
PLM00012374,52.4078,20.9564,94.2,LEGIONOWO,1956,2023,61823
PLM00012375,52.18,20.97,65.0,WARSZAWA,1920,1956,1720
PLM00012425,51.1131,16.8811,119.6,WROCLAWI,1956,2023,48062
PMM00078807,8.9667,-79.5667,7.0,COROZALOESTE,1946,2023,44816
POM00008507,39.0833,-28.0333,26.0,GRACIOSA/AERODROME,2009,2018,2173
POM00008508,38.7678,-27.0856,73.0,LAJES(ACORES),1946,2022,57575
POM00008522,32.6333,-16.9,58.0,FUNCHAL,1948,2022,30090
POM00008579,38.7667,-9.1333,104.0,LISBOA/GAGOCOUTINHO,1948,2020,41535
PPM00092035,-9.3833,147.2167,48.0,PORTMORESBYW.O.,1944,2015,50726
PPM00092044,-2.05,147.4167,4.0,MOMOTEW.O.,1950,2013,23951
PPM00094014,-5.217,145.783,4.0,MADANG,1950,1995,18232
PPM00094027,-6.733,147.0,8.0,LAE,1947,1987,29138
PPM00094087,-10.7,152.833,14.0,MISIMAISLAND,1976,1995,2055
PSM00091408,7.3687,134.5412,53.1,KOROR,1950,2023,47606
QAM00041169,25.2731,51.6081,4.0,HAMADINTERNATIONALAIRPORT,1978,2023,11026
RIM00013275,44.7667,20.4167,203.0,BEOGRAD/KOSUTNJAK,1971,2023,34808
RIM00013276,44.7833,20.5333,243.0,BEOGRAD/SELENOBRD,1955,1971,8769
RIM00013388,43.3333,21.9,203.0,NIS,1973,2023,6446
RMM00091250,11.35,162.35,5.0,ENEWETAK,1946,1979,16361
RMM00091254,11.52,165.55,3.0,BIKINI,1952,1958,294
RMM00091258,11.233,169.85,2.0,UTIRIKATOLLM.ISL,1958,1974,577
RMM00091366,8.7333,167.7333,2.0,KWAJALEIN/BUCHOLZAAF,1949,2023,41642
RMM00091376,7.0683,171.2942,3.9,MAJURO/MARSHALLIS.INTNL.,1952,2023,49679
RMXUA912505,11.3,167.48,3.0,RONGERIK,1954,1954,145
ROM00015120,46.7778,23.5714,410.0,CLUJ-NAPOCA,1951,2012,38157
ROM00015420,44.5106,26.0781,90.0,BUCURESTIBANEASA,1950,2023,55203
ROM00015480,44.217,28.633,13.0,CONSTANTA,1965,2001,27610
RPM00098223,18.1828,120.5342,4.0,LAOAG,1950,2023,18960
RPM00098233,17.6375,121.7525,61.0,TUGUEGARAO,2017,2023,3754
RPM00098327,15.167,120.567,155.0,CLARKAB,1947,1991,35753
RPM00098328,16.4039,120.6014,1500.0,BAGUIO,1973,2023,9680
RPM00098426,14.8,120.267,19.0,SUBICBAYWEATHER,1973,1992,1333
RPM00098433,14.5814,121.3692,646.1,TANAY,2000,2023,8951
RPM00098444,13.1506,123.7283,16.0,LEGASPI,1973,2023,11578
RPM00098618,9.7403,118.7586,13.0,PUERTOPRINCESA,1973,2023,9984
RPM00098645,10.333,123.9,35.0,LAHUG,1949,1973,2175
RPM00098646,10.3222,123.98,23.0,MACTAN,1973,2023,14455
RPM00098747,8.4089,124.6119,186.0,LUMBIAAIRPORT,2014,2023,4312
RPM00098836,6.9,122.067,6.0,ZAMBOANGA,1949,1985,4876
RQM00078526,18.4317,-65.9919,4.0,SANJUAN/INT.,1946,2023,54888
RSM00020046,80.6264,58.0589,21.0,POLARGMOIM.E.T.KRENKELJA,1957,2023,39878
RSM00020047,80.45,52.8,5.0,BUKHTATIKHAYA/GUKERIS.,1934,1956,4385
RSM00020069,79.5,76.98,12.0,OSTROVVIZE,1955,1991,26148
RSM00020274,77.5,82.23,23.0,OSTROVUEDINENIA,1957,1991,24206
RSM00020292,77.7131,104.2919,12.0,GMOIM.E.K.FEDOROVA,1919,2023,43462
RSM00020353,76.95,68.58,8.0,MYSZHELANIA,1935,1993,29248
RSM00020667,73.33,70.03,6.0,IMPOPOVA,1953,1995,11828
RSM00020674,73.5136,80.4064,42.0,OSTROVDIKSON,1938,2023,46772
RSM00020744,72.3667,52.7,18.0,MALYEKARMAKULY,1950,2023,36387
RSM00020891,71.9772,102.4664,31.2,HATANGA,1949,2012,34969
RSM00021358,76.15,152.83,14.0,OSTROVZOHOVA,1958,1991,20328
RSM00021432,76.0,137.8667,11.5,OSTROVKOTEL'NYJ,1946,2023,41771
RSM00021504,74.67,112.93,60.0,OSTROVPREOBRAZHENIA,1958,1996,28488
RSM00021647,73.2,143.533,23.0,MYSSHALAUROVA,1958,1997,27652
RSM00021824,71.5833,128.9167,6.0,TIKSI,1939,2023,50602
RSM00021946,70.6167,147.8833,44.0,CHOKURDAH,1955,2023,28838
RSM00021965,70.63,162.4,38.0,OSTROVCHETYREKHSTOLBO,1924,1994,32761
RSM00021982,70.967,-178.65,4.0,OSTROVVRANGELYA,1954,1999,29474
RSM00022113,68.9833,33.1167,121.0,MURMANSK,1939,2018,57431
RSM00022165,68.65,43.3,48.0,KANINNOS,1953,1962,4393
RSM00022217,67.1692,32.3542,26.0,KANDALAKSHA,1957,2023,51521
RSM00022271,67.8767,44.1742,4.8,SHOJNA,1963,2023,47071
RSM00022522,64.95,34.65,8.0,KEM,1950,2023,54575
RSM00022543,64.6247,40.5114,4.0,ARHANGEL'SK,1939,2023,62723
RSM00022802,61.717,30.717,18.0,SORTAVALA,1920,1990,36442
RSM00022820,61.8167,34.2667,110.0,PETROZAVODSK,1957,2023,46261
RSM00022845,61.5067,38.9347,124.0,KARGOPOL,1962,2023,36829
RSM00023022,69.783,61.783,49.0,AMDERMA,1947,1998,34229
RSM00023074,69.4,86.17,28.0,DUDINKA,1951,1960,5076
RSM00023078,69.3472,88.2639,60.0,NORIL'SK,1974,2023,36799
RSM00023146,68.47,73.6,2.0,MYSKAMENNY,1955,1991,29022
RSM00023205,67.625,53.0175,5.4,NAR'JAN-MAR,1946,2023,59552
RSM00023274,67.47,86.57,30.0,IGARKA,1950,1974,13709
RSM00023330,66.5319,66.6744,14.8,SALEHARD,1948,2023,58314
RSM00023415,65.1167,57.1,56.0,PECHORA,1953,2023,56783
RSM00023472,65.7944,87.9889,37.5,TURUHANSK,1951,2023,58490
RSM00023552,64.917,77.817,27.0,TARKO-SALE,1955,1998,33211
RSM00023802,61.6767,50.7806,116.0,SYKTYVKAR,1947,2023,60490
RSM00023884,61.5806,90.0306,62.0,BOR,1950,2023,53407
RSM00023921,60.6833,60.45,93.0,IVDEL,1953,2023,53580
RSM00023933,61.0278,69.1189,44.0,HANTY-MANSIJSK,1946,2023,54027
RSM00023955,60.4333,77.8667,47.0,ALEKSANDROVSKOE,1949,2023,58139
RSM00024125,68.5,112.4333,207.0,OLENEK,1954,2018,41890
RSM00024266,67.5667,133.4,135.9,VERHOJANSK,1952,2023,53451
RSM00024343,66.7667,123.4,87.8,ZHIGANSK,1951,2023,51709
RSM00024507,64.2694,100.2167,188.0,TURA,1955,2023,50331
RSM00024641,63.7833,121.6167,110.8,VILJUJSK,1951,2023,50991
RSM00024688,63.25,143.15,740.3,OJMJAKON,1950,2023,50053
RSM00024726,62.5333,113.8667,351.2,MIRNVY,1966,2023,36767
RSM00024790,62.7833,148.1333,649.0,SUSUMAN,1959,1991,12807
RSM00024793,62.85,149.76,632.0,SHTURMOVOY,1955,1959,2661
RSM00024817,61.267,108.2,278.0,ERBOGACEN,1954,1996,35974
RSM00024908,60.3361,102.2944,258.8,VANAVARA,1955,2023,48004
RSM00024944,60.3667,120.4167,134.0,OLEKMINSK,1950,2018,49772
RSM00024959,62.0167,129.7167,98.3,JAKUTSK,1940,2023,61175
RSM00025042,69.9333,167.9667,16.0,AJONISLAND,1960,2010,9137
RSM00025123,68.75,161.2833,32.0,CHERSKIJ,1955,2023,41963
RSM00025173,68.92,-179.48,2.0,MYSSHMIDTA,1939,1998,33429
RSM00025399,66.167,-169.833,7.0,MYSUELEN,1944,1998,30932
RSM00025400,65.7333,150.9,47.0,ZYRYANKA,1954,2018,35043
RSM00025428,65.2333,160.5333,260.0,OMOLON,1957,2023,33009
RSM00025551,64.683,170.417,23.0,MARKOVO,1954,1993,33706
RSM00025563,64.7833,177.5667,64.0,ANADYR,1940,2013,38190
RSM00025594,64.383,-173.233,39.0,BUHTAPROVIDENJA,1946,1991,27529
RSM00025677,63.017,179.283,82.0,BERINGOVSKAJA,1949,1995,25831
RSM00025703,62.9167,152.4167,206.1,SEJMCHAN,1955,2023,54047
RSM00025822,61.95,160.8667,2.0,GIZIGA,1955,1998,28015
RSM00025913,59.55,150.7833,115.3,MAGADAN,1950,2023,59403
RSM00025954,60.35,166.0,4.0,KORF,1951,2006,42069
RSM00026063,59.95,30.7,72.0,ST.PETERSBURG(VOEJKOVO),1946,2018,59674
RSM00026065,59.933,30.317,20.0,LENINGRAD/CHOSSEYNOR,1954,1956,254
RSM00026258,57.817,28.333,45.0,PSKOV,1948,1998,39213
RSM00026298,57.8833,34.0333,186.0,BOLOGOE,1952,2023,52253
RSM00026477,56.35,30.6167,97.0,VELIKIELUKI,1960,2023,44926
RSM00026702,54.7264,20.5583,19.0,KALININGRAD,1939,2020,46911
RSM00026781,54.75,32.0667,240.0,SMOLENSK,1939,2023,58039
RSM00027038,59.3183,39.9256,124.7,VOLOGDA,1947,2023,59145
RSM00027199,58.5667,49.5667,156.5,KIROV,1947,2023,58989
RSM00027331,57.58,39.58,103.0,JAROSLAVL,1950,1953,529
RSM00027459,56.2667,44.0,161.1,NIZHNIJNOVGOROD,1946,2023,60381
RSM00027595,55.6075,49.2942,115.5,KAZAN,1947,2017,52427
RSM00027612,55.93,37.5183,187.0,MOSKVA(DOLGOPRUDNYJ),1934,2018,64787
RSM00027707,54.1,35.35,237.0,SUHINICHI,1961,2023,42097
RSM00027730,54.6333,39.7,155.0,RYAZAN,1962,2023,47431
RSM00027944,52.733,41.467,161.0,TAMBOV,1948,1995,38381
RSM00027962,53.1228,45.0189,169.5,PENZA,1961,2023,31543
RSM00027995,52.9833,49.4333,44.7,SAMARA(BEZENCHUK),1951,2023,16071
RSM00028225,57.9583,56.1972,170.0,PERM,1961,2023,44719
RSM00028275,58.15,68.25,55.3,TOBOL'SK,1951,2023,54231
RSM00028445,56.7333,61.0667,286.1,EKATERINBURG(VERHNEEDUBROVO),1946,2023,63260
RSM00028661,55.4567,65.4011,70.8,KURGAN,1955,2023,39918
RSM00028698,54.9333,73.4,90.4,OMSK,1946,2018,59051
RSM00028722,54.7106,55.815,103.6,UFA-DIOMA,1946,2023,57574
RSM00028900,53.25,50.45,40.0,SAMARA,1939,1994,39657
RSM00029231,58.3167,82.95,72.9,KOLPASEVO,1951,2023,56073
RSM00029263,58.4528,92.2028,76.9,ENISEJSK,1964,2023,47077
RSM00029282,58.3833,97.45,131.0,BOGUCANY,1951,2023,52911
RSM00029572,56.1806,92.6056,204.6,EMEL'YANOVO,1995,2023,18419
RSM00029574,56.0,92.883,215.0,KRASNOYARSK,1953,1994,40900
RSM00029612,55.3544,78.3083,118.6,BARABINSK,1958,2023,51571
RSM00029634,54.9667,82.95,143.0,NOVOSIBIRSK,1946,2023,61390
RSM00029698,54.8833,99.0333,410.6,NIZHNEUDINSK,1950,2023,54854
RSM00029839,53.5,83.8333,140.3,BARNAUL,1963,2023,40260
RSM00029862,53.7667,91.3167,253.6,ABAKAN,1960,2023,48272
RSM00030054,59.45,112.5833,186.0,VITIM,1951,2023,54571
RSM00030230,57.7667,108.0667,256.5,KIRENSK,1950,2023,55997
RSM00030309,56.2833,101.75,410.8,BRATSK,1967,2023,42813
RSM00030372,56.9,118.2667,709.0,CHARA,1967,2023,44808
RSM00030521,54.8,105.167,418.0,ZHIGALOVO,1950,1996,35584
RSM00030554,54.4667,113.5833,995.4,BAGDARIN,1951,2018,52127
RSM00030635,53.4167,109.0167,459.0,UST'-BARGUZIN,1960,2023,39602
RSM00030636,53.6167,109.6333,489.0,BARGUZIN,1951,1970,6508
RSM00030673,53.75,119.7333,624.0,MOGOCHA,1953,2023,45370
RSM00030692,54.0,123.967,400.0,SKOVORODINO,1949,1996,31293
RSM00030710,52.267,104.317,469.0,IRKUTSK,1940,1988,39087
RSM00030715,52.4833,103.85,435.5,ANGARSK,1988,2023,21630
RSM00030758,52.0833,113.4833,671.0,CHITA,1940,2023,63800
RSM00030935,50.3667,108.75,770.0,KRASNYJCHIKOJ,1951,2023,55629
RSM00030965,50.4,116.5167,675.0,BORZYA,1957,2023,50561
RSM00031004,58.6167,125.3667,678.4,ALDAN,1950,2023,54891
RSM00031088,59.3667,143.2,4.6,OHOTSK,1951,2023,50179
RSM00031168,56.45,138.15,6.0,AYAN,1950,2020,39972
RSM00031300,53.7414,127.2764,228.0,ZEJA,1955,2023,45359
RSM00031329,53.067,132.983,542.0,EKIMCHAN,1951,1996,29232
RSM00031369,53.1475,140.6939,44.8,NIKOLAEVSK-NA-AMURE,1951,2023,50213
RSM00031510,50.2803,127.4783,168.0,BLAGOVESCETNSK,1940,2023,52690
RSM00031538,50.0667,132.1333,343.2,SUTUR,1958,2023,41014
RSM00031561,50.6,137.0333,19.0,KOMSOMOLSK-ON-AMUR,1940,2010,33016
RSM00031707,47.733,130.967,73.0,EKATERINO-NIKOLSKOE,1948,1993,30472
RSM00031736,48.5333,135.2333,72.0,HABAROVSK,1940,2023,59327
RSM00031770,49.0,140.3,20.5,SOVETSKAYAGAVAN,1964,2023,35558
RSM00031873,45.8667,133.7333,100.0,DAL'NERECHENSK,1957,2023,50409
RSM00031909,45.0,136.6,68.0,TERNEJ,1950,1996,35417
RSM00031977,43.2667,132.05,77.0,VLADIVOSTOK(SADGOROD),1940,2023,59873
RSM00032061,50.9,142.1667,30.0,ALEKSANDROVSK-SAHALINSKIJ,1951,2023,56538
RSM00032098,49.2167,143.1,7.0,PORONAJSK,1970,2023,36314
RSM00032099,48.65,144.75,33.0,M.TERPENIYA(FL),1955,1970,7763
RSM00032150,46.95,142.7167,22.0,JUZHNO-SAHALINSK,1948,2023,62979
RSM00032165,44.017,145.867,49.0,JUZHNO-KURILSK,1951,1995,37102
RSM00032186,46.2,150.5,70.0,URUP,1961,1996,29544
RSM00032195,46.85,151.8667,26.0,SIMUSIR,1953,1961,4608
RSM00032215,50.6833,156.1333,24.0,SEVERO-KURIL'SK,1998,2023,11517
RSM00032217,50.017,155.4,25.0,M.VASILYEV,1953,1994,34757
RSM00032389,56.3167,160.8333,28.0,KLJUCHI,1950,2023,51453
RSM00032477,54.3,155.9167,25.0,SOBOLEVO,1967,2023,17992
RSM00032540,53.0833,158.5833,78.0,PETROPAVLOVSK-KAMCHATSKIJ,1948,2023,63591
RSM00032618,55.2,165.9833,16.0,OSTROVBERINGA,1957,2023,42323
RSM00034009,51.7667,36.1667,246.4,KURSK,1946,2023,59468
RSM00034122,51.65,39.25,100.0,VORONEZ,1939,2023,46596
RSM00034139,51.1833,40.7,193.0,KAMENNAYASTEPNO2,1952,1961,6225
RSM00034172,51.5567,46.0394,166.5,SARATOV,1947,2023,52384
RSM00034247,50.4167,41.05,90.4,KALACH,1961,2023,44476
RSM00034467,48.7833,44.3333,141.0,VOLGOGRAD,1947,2023,57334
RSM00034731,47.25,39.8167,78.0,ROSTOV-NA-DONU,1939,2023,59835
RSM00034858,45.9167,43.35,85.9,DIVNOE,1957,2023,44498
RSM00034866,46.18,45.35,7.0,YASHKUL,1951,1957,3336
RSM00034882,46.2833,47.9833,-17.0,ASTRAHAN,1939,2023,53347
RSM00035121,51.6925,55.0783,114.8,ORENBURG,1939,2023,56617
RSM00036096,51.7103,94.4917,626.1,KYZYL,1955,2023,48983
RSM00036259,50.0,88.667,1758.0,KOS-AGAC,1969,1991,10486
RSM00037011,44.1,39.0333,94.6,TUAPSE,1950,2023,48390
RSM00037050,44.05,43.03,573.0,PJATIGORSK,1947,1951,230
RSM00037055,44.2167,43.1,312.6,MINERAL'NYEVODY,1947,2023,58564
RSM00037099,43.5833,39.7667,141.9,SOCHI,2013,2014,194
RSM00037259,43.0,47.5,-19.7,MAHACHKALA,1963,2023,26830
SAM00040373,28.3167,46.1333,358.0,AL-QAISUMAH,1977,2023,22131
SAM00040375,28.3833,36.6,778.0,TABUK,1976,2023,32845
SAM00040394,27.4333,41.6833,1015.0,HAIL,1986,2023,22083
SAM00040400,26.2,36.483,24.0,AL-WEJH,1973,1985,5395
SAM00040416,26.267,50.167,19.0,DHAHRAN,1976,1997,17304
SAM00040417,26.45,49.8167,22.0,K.F.I.A.,1998,2023,15065
SAM00040430,24.55,39.7,654.0,AL-MADINAH,1975,2023,27855
SAM00040437,24.9333,46.7167,614.0,KINGKHALEDINT.AIRPORT,1984,2023,24750
SAM00040438,24.7,46.733,603.0,RIYADHOBS.,1968,1992,11578
SAM00041024,21.7,39.1833,15.0,JEDDAH,1966,2023,38093
SAM00041112,18.2333,42.65,2090.0,ABHA,1999,2023,14402
SAM00041114,18.3,42.8,2066.0,KHAMISMUSHAIT,1983,1999,11138
SAM00041140,16.883,42.583,7.0,GIZAN,1983,1985,1629
SEM00063985,-4.6833,55.5167,4.0,SEYCHELLESINTER.AIRPORT,1973,2023,20329
SFM00068174,-23.8667,29.45,1230.0,PIETERSBURG(SAAF),1973,2009,13740
SFM00068242,-25.783,25.533,1277.0,MAFIKENGWO,1996,1998,1154
SFM00068262,-25.733,28.183,1326.0,PRETORIA-EENDRACHT,1957,1974,3937
SFM00068263,-25.91,28.2111,1526.0,PRETORIA(IRENE),1974,2023,30798
SFM00068406,-28.567,16.533,27.0,KORTDOORN/ALEXANDER,1951,1987,11144
SFM00068424,-28.4136,21.2597,835.0,UPINGTON,1973,2023,22143
SFM00068442,-29.1,26.3,1353.0,BLOEMFONTEINAIRPORT,1966,2023,26328
SFM00068461,-28.25,28.3333,1680.0,BETHLEHEMAIRPORT,1980,2009,11390
SFM00068512,-29.6719,17.8875,1006.0,SPRINGBOK,1987,2023,13837
SFM00068538,-30.6747,23.9992,1286.0,DEAAR,1993,2023,10342
SFM00068588,-29.9667,30.95,8.0,DURBAN/LOUISBOTHA,1949,2010,29090
SFM00068592,-29.6017,31.13,105.0,KINGSHAKAINT'LAIRPORT,2010,2023,5728
SFM00068816,-33.97,18.6,46.0,CAPETOWNINTNL.AIRPORT,1949,2023,37803
SFM00068842,-33.9844,25.6108,63.0,PORTELIZABETH,1967,2023,31529
SFM00068994,-46.8831,37.8669,24.0,MARIONISLAND,1949,2020,33487
SGM00061641,14.73,-17.5,24.5,DAKAR/YOFF,1940,2018,72333
SGM00061687,13.7697,-13.6797,48.7,TAMBACOUNDA,1940,2022,46466
SHM00061901,-15.9419,-5.6672,435.0,ST.HELENAIS.,1977,2023,17467
SHM00061902,-7.9667,-14.4,79.0,WIDEAWAKEFIELD,1946,2010,18170
SHM00068906,-40.35,-9.88,54.0,GOUGHISLAND,1957,2022,33437
SIM00014015,46.0656,14.5122,299.0,LJUBLJANA/BEZIGRAD,1996,2023,8407
SNM00048698,1.3667,103.9833,5.0,SINGAPORE/CHANGIAIRPORT,1955,2023,71038
SPM00008001,43.3658,-8.4214,58.0,LACORUNA,1958,2023,40979
SPM00008023,43.4911,-3.8006,52.0,SANTANDER,1973,2023,24131
SPM00008160,41.6786,-1.0731,252.0,ZARAGOZA/BASEAEREA,1958,2015,19731
SPM00008190,41.3844,2.1181,95.0,BARCELONASERVEI,2007,2023,10239
SPM00008221,40.4653,-3.5797,631.0,MADRID/BARAJASRS,1950,2023,44869
SPM00008301,39.55,2.617,6.0,PALMADEMALLORCA,1988,2002,9948
SPM00008302,39.6058,2.7067,41.0,MALLORCA-SONBONET,1958,2023,28254
SPM00008430,38.0019,-1.1708,61.0,MURCIA,1984,2023,26150
SPM00060018,28.3183,-16.3822,105.0,TENERIFE-GUIMAR,2002,2023,14361
SPM00060020,28.467,-16.25,36.0,STA.CRUZDETENERI,1960,2002,22725
STM00078949,13.75,-60.98,99.0,VIEUXFORT,1956,1957,815
SUM00062641,19.583,37.217,3.0,PORTSUDAN,1947,2006,2214
SUM00062650,19.167,30.483,226.0,DONGOLA,1973,2008,1444
SUM00062721,15.6,32.55,382.0,KHARTOUM,1953,2014,10644
SUM00062760,13.617,25.333,733.0,ELFASHER,1939,2008,2234
SVM00001004,78.9233,11.9222,15.5,NY-ALESUNDII,1992,2023,11845
SVM00001028,74.5039,19.0011,20.0,BJORNOYA,1957,2020,46952
SVM00020107,78.07,14.22,49.0,BARENTSBURG,1937,1994,29741
SWM00002084,57.717,11.783,5.0,GOTEBURG/TORSLANDA,1949,1977,20557
SWM00002185,65.5433,22.1144,17.0,LULEA-KALLAX,1949,2021,41166
SWM00002225,63.183,14.5,366.0,OSTERSUND/FROSON,1949,1983,16859
SWM00002365,62.5317,17.4361,3.9,SUNDSVALLHARNOSAND,1965,2023,53555
SWM00002465,59.35,17.95,22.0,STOCKHOLM/BROMMA,1949,1995,41574
SWM00002527,57.6572,12.2911,164.0,GOTEBORG/LANDVETTER,1977,2023,38353
SWM00002591,57.65,18.35,45.0,VISBYAEROLOGISKASTATION,1977,2022,28921
SXM00088968,-60.75,-44.7167,4.0,ISLASORCADAS(MET),1957,1985,8699
SYM00040007,36.333,37.217,425.0,ALEPPOINT.AEROPOR,1957,1996,18332
SYM00040080,33.417,36.517,610.0,DAMASCUSINT.AIRPO,1973,2001,10082
SZM00006610,46.8117,6.9425,490.0,PAYERNE,1943,2019,73319
TDM00078967,10.6833,-61.6167,13.1,TRINIDADBWI,1949,1969,10395
TDM00078970,10.6167,-61.35,12.0,PIARCOINT.AIRPORT,1969,2023,26274
TEM00061976,-15.8878,54.5206,7.0,SERGE-FROLOW(ILETROMELIN),1973,2011,20680
THM00048327,18.7706,98.9683,313.2,CHIANGMAI,1954,2023,69021
THM00048354,17.3769,102.8094,177.0,UDONTHANI,1966,2016,48194
THM00048407,15.25,104.8667,122.0,UBONRATCHATHANI,1962,2022,68212
THM00048453,13.6664,100.6061,0.8,BANGNAAGROMET,2008,2023,20022
THM00048455,13.733,100.567,4.0,BANGKOKMETROPOLIS,1953,2008,58473
THM00048565,8.145,98.3144,5.9,PHUKETAIRPORT,1973,2022,40410
THM00048568,7.1819,100.6075,4.6,SONGKHLA,1954,2022,69133
TIM00038836,38.55,68.783,800.0,DUSHANBE,1946,1994,35803
TIM00038954,37.5,71.5,2077.0,KHOROG,1956,1994,28898
TKM00078118,21.45,-71.15,10.0,TURKSISLAND,1954,1978,10548
TSM00060715,36.8333,10.2333,4.0,TUNIS-CARTHAGE,1948,2023,40729
TSM00060760,33.9167,8.1667,86.0,TOZEUR,1969,2023,28175
TUM00017030,41.2833,36.3,4.0,SAMSUN,1952,2023,36722
TUM00017064,40.9,29.15,18.0,ISTANBULBOLGE(KARTAL),1951,2023,40106
TUM00017095,39.9,41.2833,1869.0,ERZURUMBOLGE,2006,2023,11215
TUM00017130,39.95,32.8833,891.0,ANKARA/CENTRAL,1949,2022,41929
TUM00017196,38.6833,35.4833,1096.0,KAYSERIBOLGE,2016,2023,5155
TUM00017220,38.4333,27.1667,25.0,IZMIR/GUZELYALI,1952,2023,37297
TUM00017240,37.75,30.55,997.0,ISPARTA,1970,2023,33074
TUM00017281,37.9,40.2,675.0,DIYARBAKIR-BOLGE,1953,2022,33136
TUM00017351,36.9833,35.35,27.0,ADANA/BOLGE,1986,2023,24565
TVM00091643,-8.5167,179.2167,1.0,FUNAFUTI,1973,2023,22993
TWM00046697,25.067,121.233,45.0,TAOYUANAB,1955,1984,13298
TWM00046699,23.9833,121.6,19.0,HUA-LIENCITY,1973,2012,17027
TWM00046734,23.5833,119.6167,31.0,MAKUNGAB(=593450),1954,2012,22564
TWM00046736,24.433,118.433,12.0,CHINMEM/SHATOU(AFB),1960,1999,10320
TWM00046747,22.467,120.433,8.0,DONGGANG(=595530),1957,1998,21904
TWM00046750,22.6667,120.45,24.0,PINGTUNGSOUTH(AFB),1977,2012,11471
TWM00046780,22.6833,121.5,280.0,LU-TAO,1986,2012,3323
TWM00046810,20.7167,116.7167,3.0,DONGSHA(=597920),1973,2012,9110
TWM00046902,10.717,115.833,5.0,NENSHAISL,1973,1998,436
TWM00058968,25.0333,121.5167,9.0,TAIBEI,1957,2020,34933
TWM00059559,22.0,120.75,24.0,(467590),1954,1964,4646
TXM00038392,41.833,59.983,87.0,DASHKHOVUZ,1946,1997,40766
TXM00038507,40.0333,52.9833,90.0,TURKMENBASHI,1958,2015,35133
TXM00038687,39.083,63.6,190.0,CHARDZHEV,1949,1994,36014
TXM00038750,37.467,53.967,-22.0,ESENGYLY,1950,1993,36098
TXM00038880,37.987,58.361,211.0,ASHGABATKESHI,1940,1997,38470
TXM00038989,35.9,62.9667,375.0,TAGTABAZAR,1951,1996,13721
TZM00063832,-5.083,32.833,1182.0,TABORAAIRPORT,1974,1988,1062
TZM00063894,-6.8667,39.2,55.0,DARESSALAAMINT,1963,2023,10487
UCM00078988,12.2,-68.9667,8.0,HATOAIRPORT,1956,2023,36549
UGM00063705,0.05,32.45,1155.0,ENTEBBEAIRPORT,1959,2018,6316
UKM00003005,60.1392,-1.1847,82.0,LERWICK,1941,2023,68190
UKM00003023,57.3575,-7.385,4.0,SOUTHUISTRANGE,1998,2022,494
UKM00003026,58.217,-6.317,9.0,STORNOWAY,1949,2002,52782
UKM00003066,57.65,-3.567,7.0,KINLOSS,1993,2004,767
UKM00003091,57.2,-2.217,65.0,ABERDEEN/DYCEAIRPO,1989,1999,421
UKM00003162,55.317,-3.2,242.0,ESKDALEMUIR,1999,2000,233
UKM00003170,56.433,-2.867,4.0,SHANWELL,1959,1992,35061
UKM00003171,56.383,-2.867,12.0,LEUCHARS,1949,2002,3165
UKM00003238,55.0197,-1.8817,142.0,ALBEMARLE,2002,2023,11572
UKM00003240,55.417,-1.6,23.0,BOULMER,1992,2002,13127
UKM00003257,54.3,-1.533,40.0,LEEMING,1990,2000,777
UKM00003322,53.55,-2.917,54.0,AUGHTON,1949,1996,43285
UKM00003354,53.0056,-1.2511,117.0,NOTTINGHAM,1998,2023,17048
UKM00003377,53.167,-0.517,70.0,WADDINGTON,1989,2005,992
UKM00003414,52.8,-2.667,76.0,SHAWBURY,1997,2000,561
UKM00003496,52.67,1.68,13.0,HEMSBY,1951,2001,50217
UKM00003502,52.1394,-4.5711,133.0,ABERPORTH,1969,2022,21249
UKM00003559,52.1039,-0.4214,29.0,CARDINGTON,1996,2021,265
UKM00003590,52.117,0.967,87.0,WATTISHAM,1999,2006,437
UKM00003649,51.75,-1.583,88.0,BRIZENORTON,1992,2005,1008
UKM00003693,51.5547,0.8269,2.0,SHOEBURYNESS,1966,2010,10753
UKM00003715,51.4,-3.35,67.0,CARDIFF-WALESARPT,1989,1997,890
UKM00003743,51.2017,-1.8058,132.0,LARKHILL,1942,2023,30713
UKM00003774,51.083,-0.217,143.0,CRAWLEY,1953,1992,37592
UKM00003808,50.2183,-5.3275,87.0,CAMBORNE,1949,2023,68246
UKM00003882,50.8994,0.3169,52.0,HERSTMONCEUX,1993,2023,23252
UKM00003917,54.65,-6.2167,66.0,BELFAST/ALDERGROVEARPT,1949,1962,4234
UKM00003918,54.5,-6.3333,18.0,CASTORBAY,2002,2023,12154
UKM00003920,54.48,-6.1,37.0,LONGKESH,1962,2002,48477
UKM00033966,45.0464,34.5989,204.6,KRYMSKA,2011,2013,493
UPM00033317,50.1667,27.0333,277.0,SHEPETIVKA,1957,2022,35377
UPM00033345,50.4,30.5667,166.0,KIEV,1939,2022,60335
UPM00033393,49.8167,23.95,319.0,L'VIV,1947,2022,47168
UPM00033506,49.6,34.55,159.0,POLTAVA,1947,1949,634
UPM00033631,48.633,22.267,118.0,UZHHOROD,1953,2008,40708
UPM00033658,48.3667,25.9,242.0,CHERNIVTSI,1950,2018,44140
UPM00033791,48.0333,33.2167,123.0,KRYVYIRIH,1949,2022,35710
UPM00033837,46.4333,30.7667,42.0,ODESA,1939,2022,47271
UPM00033946,44.6833,34.1333,180.0,SIMFEROPOL,1950,2010,43580
UPM00034300,49.9667,36.1333,154.0,KHARKIV,1939,2022,49332
USI0000KRPD,45.417,-91.767,337.0,RICELAKERGNLCARLS,2003,2006,581
USM00070026,71.2889,-156.7833,11.9,BARROW/W.POSTW.ROGERS,1932,2023,61535
USM00070027,71.317,-156.617,11.0,SANDIALAB.D,2008,2008,523
USM00070086,70.1333,-143.6333,11.9,BARTERISLANDWSOAP,1953,1988,25677
USM00070133,66.8864,-162.6133,5.0,KOTZEBUE,1942,2023,58378
USM00070194,66.567,-145.267,135.0,FORTYUKON,1976,1978,133
USM00070200,64.5072,-165.4347,6.5,NOME,1930,2023,66064
USM00070204,63.85,-171.6,10.0,GAMBELL,1942,1953,8490
USM00070219,60.785,-161.84,33.0,BETHEL/BETHELAIRPORT,1940,2023,61248
USM00070231,62.9583,-155.5978,103.0,MCGRATH,1942,2023,60768
USM00070261,64.8161,-147.8767,133.7,FAIRBANKS/INT.,1930,2023,69039
USM00070267,64.0,-145.733,391.0,FTGREELY/ALLENAAF,1957,1993,1398
USM00070270,61.2667,-149.65,115.0,FT.RICHARDSON/BRYANTAHP,1982,2006,972
USM00070273,61.1567,-149.9864,52.1,ANCHORAGE/INT.,1938,2023,65290
USM00070291,62.97,-141.96,524.0,NORTHWAY,1942,1955,12371
USM00070308,57.15,-170.2167,10.0,ST.PAULISLANDS,1944,2023,53986
USM00070316,55.2011,-162.7164,25.3,COLDBAY,1946,2023,53364
USM00070326,58.6794,-156.6683,8.4,KINGSALMON,1953,2023,49167
USM00070350,57.7431,-152.4867,5.0,KODIAK,1946,2023,55870
USM00070361,59.5167,-139.6667,10.7,YAKUTAT,1942,2023,54448
USM00070381,58.37,-134.58,6.0,JUNEAU,1931,1953,15260
USM00070398,55.0389,-131.5778,34.7,ANNETTEISLAND,1942,2023,55275
USM00070409,52.8,173.16,27.0,ATTUISLAND,1947,1958,3463
USM00070414,52.7167,174.1,29.0,SHEMYAAFB,1946,2023,45162
USM00070439,51.3833,179.25,67.1,AMCHITKAISLAND,1944,1965,1908
USM00070454,51.883,-176.65,4.0,ADAK(NAS),1943,1996,33391
USM00070485,53.38,-167.9,40.0,UMNAKISLAND,1944,1950,2799
USM00070489,53.9,-166.53,7.0,DUTCHHARBOR,1950,1954,2953
USM00072201,24.5531,-81.7886,13.4,KEYWEST/INT.,1919,2023,66723
USM00072202,25.7544,-80.3831,4.3,MIAMI,1945,2023,46068
USM00072203,26.6847,-80.0994,7.3,WESTPALMBEACHINTLAP,1943,1995,14002
USM00072206,30.4839,-81.7011,10.1,JACKSONVILLE/INTNL.,1926,2023,56167
USM00072208,32.895,-80.0275,13.3,CHARLESTON/MUN.,1932,2023,74317
USM00072210,27.7053,-82.4006,13.1,TAMPABAYAREA,1931,2023,72784
USM00072213,31.25,-82.4,43.3,WAYCROSSWARECOAP,1942,1995,20191
USM00072214,30.4461,-84.2994,52.8,TALLAHASSEE/MUN.,1940,2023,33593
USM00072215,33.3558,-84.5672,244.9,PEACHTREECITY,1994,2023,20656
USM00072216,31.58,-84.12,61.0,ALBANY,1956,1960,658
USM00072220,29.733,-85.033,6.0,APALACHICOLAMUNI,1948,1991,12530
USM00072221,30.4833,-86.5167,29.0,VALPARAISO/EGLINAFB,1938,2023,54400
USM00072222,30.35,-87.3167,8.5,PENSACOLAFORESTSHERMANNAS,1946,1965,3463
USM00072224,29.6833,-85.35,3.0,CAPESANBLASSITED3,1961,1970,2507
USM00072225,32.333,-84.833,130.0,FORTBENNING,1969,1989,3790
USM00072226,32.3,-86.4,64.0,MONTGOMERYDANNELLYFLD,1919,1974,24956
USM00072228,33.567,-86.75,192.0,BIRMINGHAMMUNI,1939,1980,14141
USM00072229,32.9,-87.25,55.2,CENTREVILLEWSMO,1974,1994,14447
USM00072230,33.1789,-86.7822,174.0,BIRMINGHAM,1994,2023,20735
USM00072231,29.98,-90.25,3.0,NEWORLEANS,1926,1950,24251
USM00072232,29.3333,-89.4,0.0,BOOTHVILLEWSCMOCIT,1950,1988,25889
USM00072233,30.3369,-89.825,9.9,SLIDELL/MUN.LA,1988,2023,25951
USM00072235,32.3189,-90.08,90.7,JACKSON/ALLENC.THOMPSONFIEL,1932,2023,64270
USM00072238,33.48,-90.98,40.0,GREENVILLE,1942,1954,2188
USM00072239,31.033,-93.033,110.0,FORTPOLK(ARMY),1976,1989,1222
USM00072240,30.1253,-93.2161,4.8,LAKECHARLES/MUN.,1940,2023,65532
USM00072243,29.967,-95.35,33.0,HOUSTON/INTERCONTIN,1971,1979,1796
USM00072244,30.63,-96.48,82.0,BRYAN,1954,1958,2543
USM00072247,32.35,-94.65,124.1,LONGVIEWWSMO,1975,1995,14445
USM00072248,32.4511,-93.8414,85.1,SHREVEPORT/REG.,1949,2023,42440
USM00072249,32.835,-97.2986,195.2,FORTWORTH,1937,2023,48873
USM00072250,25.9167,-97.4192,7.1,BROWNSVILLE/INT.,1929,2023,76552
USM00072251,27.7789,-97.5056,14.8,CORPUSCHRISTI/INT.,1953,2023,33279
USM00072253,29.5333,-98.4667,242.6,SANANTONIOINTLAP,1939,1966,25126
USM00072255,28.85,-96.9167,32.6,VICTORIARGNLAP,1942,1989,19744
USM00072257,31.1,-97.717,282.0,FTHOODAAF/KILLEEN,1969,1991,2923
USM00072260,32.2167,-98.1833,399.0,STEPHENVILLE,1973,1994,15234
USM00072261,29.3744,-100.9183,314.0,DELRIO/INT.,1954,2023,53106
USM00072263,31.4167,-100.4,573.0,MATHISFLD/S.ANGELO,1942,1970,2501
USM00072264,30.3667,-104.0167,1481.0,MARFAMUNI(AMOS),1929,1959,5463
USM00072265,31.9425,-102.1892,874.9,MIDLAND/MIDLANDREG.AIRTERM,1930,2023,61631
USM00072266,32.4167,-99.6833,545.3,ABILENEMUNIAP,1935,1973,19791
USM00072267,33.65,-101.8167,988.0,LUBBOCK/MUNI(TEX),1950,1964,693
USM00072269,32.4,-106.367,1216.0,WHITESANDSTESTRG,1949,1993,8565
USM00072273,31.583,-110.333,1428.0,FORTHUACHUCA,1955,1995,9251
USM00072274,32.2278,-110.9558,751.4,TUCSON,1932,2023,66997
USM00072278,33.433,-112.2,344.0,PHOENIX/SKYHARBOR,1948,1998,7261
USM00072280,32.65,-114.6,63.0,YUMAINTLAIRPORT,1929,2004,13843
USM00072281,32.817,-115.683,-18.0,ELCENTRONAF,1962,1991,1361
USM00072293,32.8333,-117.1167,133.5,SANDIEGO/MIRAMAR,1946,2023,55833
USM00072295,33.933,-118.4,32.0,LOSANGELESINTL,1926,1979,16115
USM00072297,33.82,-118.15,20.0,LONGBEACH,1943,1956,7017
USM00072304,35.2667,-75.55,7.6,CAPEHATTERASWBBLDG,1941,1994,42554
USM00072305,34.7761,-76.8767,11.0,NEWPORT,1994,2023,20758
USM00072308,36.8833,-76.2,9.0,NORFOLK/MUNI(VA),1940,1965,27148
USM00072311,33.95,-83.3167,244.8,ATHENSBENEPPSAP,1955,1994,28581
USM00072317,36.0981,-79.9428,276.5,GREENSBORO/G.-HIGHPT.,1928,2023,76121
USM00072318,37.2039,-80.4142,639.4,BLACKSBURG,1995,2023,19628
USM00072326,35.817,-83.983,299.0,KNOXVILLEMUNICIPAL,1927,1973,16989
USM00072327,36.2469,-86.5617,180.2,NASHVILLE/OLDHICKORY,1937,2023,69018
USM00072340,34.835,-92.2594,173.2,LITTLEROCK/ADAMSFLD,1947,2023,54731
USM00072344,35.3333,-94.3667,141.1,FTSMITHCAMPCHAFFEE,1953,1964,5244
USM00072349,36.8833,-93.9,438.9,MONETT,1970,1995,18071
USM00072351,33.98,-98.5,309.0,WICHITAFALLS,1950,1950,113
USM00072352,34.65,-99.2667,420.0,ALTUSAFB(OKLA),1954,1961,2675
USM00072353,35.383,-97.6,398.0,OKLAHOMACITY/W.RO,1926,1989,55703
USM00072355,34.65,-98.4,360.0,FORTSILL,1918,2008,16423
USM00072357,35.1808,-97.4378,344.9,NORMAN/MAXWESTHEIMERA,1974,2023,25530
USM00072363,35.2331,-101.7092,1095.0,AMARILLO/INTL.,1932,2023,75681
USM00072364,31.8728,-106.6981,1254.0,SANTATERESA,1932,2023,74836
USM00072365,35.0378,-106.6219,1619.0,ALBUQUERQUE/INT.,1931,2023,83014
USM00072374,35.0281,-110.7208,1489.3,WINSLOWMUNIAP,1931,1995,47510
USM00072376,35.23,-111.8217,2179.0,FLAGSTAFF,1995,2023,19664
USM00072381,34.9167,-117.9,705.0,EDWARDSAFB,1942,2023,21632
USM00072385,36.95,-116.05,1196.9,YUCCAFLATSTEST21,1956,1996,13621
USM00072387,36.6206,-116.0278,1007.1,MERCURYDESERTROCKAP,1951,2010,26498
USM00072388,36.05,-115.1833,697.2,ASVEGAS,1935,2023,39440
USM00072389,36.767,-119.717,100.0,FRESNOAIRTERM,1929,1974,24368
USM00072391,34.1167,-119.1167,4.0,POINTMUGU/NAS,1948,2018,17496
USM00072393,34.75,-120.5667,121.0,VANDENBERGAFB,1958,2023,44757
USM00072394,34.9,-120.45,73.0,SANTAMARIA/PUBLIC(CAL),1947,1959,9786
USM00072402,37.9333,-75.4833,12.2,WALLOPSISLAND,1963,2023,43614
USM00072403,38.9767,-77.4858,88.4,STERLING,1960,2023,45960
USM00072405,38.85,-77.033,20.0,WASHINGTON/NATIONAL,1919,1973,42348
USM00072407,39.45,-74.6667,22.9,ATLANTICCITYU-A,1980,1994,10118
USM00072408,39.883,-75.25,9.0,PHILADELPHIAINTL,1940,1975,10695
USM00072409,40.03,-74.31,32.0,LAKEHURST,1946,1955,5474
USM00072414,38.373,-81.6,299.0,YEAGER,1972,1979,1619
USM00072424,37.9,-85.967,230.0,FORTKNOX/GODMAN,1919,1988,5427
USM00072425,38.3667,-82.55,255.1,HUNTINGTONTRISTATEAP,1940,1995,35391
USM00072426,39.4214,-83.8217,322.7,WILMINGTON,1943,2023,20595
USM00072433,38.65,-88.9667,174.7,SALEMLECKRONEAP,1954,1988,15223
USM00072434,38.75,-90.367,172.0,ST.LOUIS/LAMBERT,1929,1975,25609
USM00072435,37.0667,-88.7667,124.1,PADUCAHBARKLEYFLD,1988,1995,4390
USM00072436,39.27,-85.9,203.0,COLUMBUS,1943,1955,1153
USM00072440,37.2347,-93.4014,391.1,SPRINGFIELD/MUN.,1939,2023,31533
USM00072445,38.817,-92.217,274.0,COLUMBIAREGIONAL,1946,1974,19320
USM00072450,37.65,-97.433,409.0,WICHITA/MID-CONTINE,1930,1975,23414
USM00072451,37.7614,-99.9686,786.4,DODGECITY/MUN.,1940,2023,64866
USM00072455,39.1,-96.767,320.0,FTRILEY/MARSHALLA,1958,1989,1222
USM00072456,39.0722,-95.6306,268.1,TOPEKA/MUN.,1953,2023,53475
USM00072457,39.37,-94.92,274.0,FT.LEAVENWORTH,1929,1953,5295
USM00072465,39.367,-101.7,1115.0,GOODLAND/RENNERFIE,1944,1974,8448
USM00072468,38.7,-104.767,1789.0,FORTCARSON/BUTTS,1971,1998,5776
USM00072469,39.7675,-104.8694,1611.0,DENVER/STAPLETONINT.,1919,2022,83086
USM00072476,39.12,-108.525,1474.0,GRANDJUNCTION/WALKERFIELD,1938,2023,67972
USM00072481,37.3667,-120.5667,58.2,CASTLEAFB,1942,1963,3294
USM00072485,38.0667,-117.0833,1656.0,TONAPAHAPRT(NEV),1942,1958,3624
USM00072486,39.295,-114.8453,1907.1,ELYYELLANDFLDAP,1938,1995,48437
USM00072489,39.5681,-119.7967,1518.0,RENO,1927,2023,46572
USM00072493,37.7444,-122.2236,2.5,OAKLAND/METROP.OAKLANDINT.,1928,2023,77489
USM00072497,39.7833,-121.85,25.0,CHICOMUNI,1942,1971,2664
USM00072501,40.865,-72.8628,19.6,UPTON,1994,2023,20351
USM00072503,40.7833,-73.8667,6.0,LAGUARDIA,1939,1972,11232
USM00072506,41.25,-70.0667,14.0,NANTUCKETMEMAP,1941,1970,22618
USM00072509,42.367,-71.033,6.0,BOSTON/LOGANINTL,1926,1973,22316
USM00072518,42.6919,-73.8322,95.0,ALBANY,1930,2023,72429
USM00072520,40.5317,-80.2172,360.5,PITTSBURGH,1934,2023,74407
USM00072524,41.417,-81.867,245.0,CLEVELAND,1926,1973,15064
USM00072528,42.9411,-78.7189,218.4,BUFFALO/GREATERBUFFALOINT.,1929,2023,77837
USM00072531,40.3,-88.15,227.0,RANTOUL,1922,1956,16640
USM00072532,40.6667,-89.6833,205.7,PEORIAGTRPEORIAAP,1956,1995,29195
USM00072534,41.783,-87.75,190.0,CHICAGO/MIDWAY,1928,1979,24985
USM00072535,41.7,-86.3167,235.9,SOUTHBENDSTJOSEPH,1959,1961,612
USM00072536,41.6,-83.8,211.0,TOLEDOEXPRESS,1939,1974,14112
USM00072537,42.3167,-83.2333,187.0,DETROITMETRO.,1949,1972,10601
USM00072545,42.0833,-91.6167,264.9,CEDARRAPIDSECHOSI,1954,1961,1310
USM00072548,42.55,-92.4,255.0,WATERLOO,1953,1959,742
USM00072558,41.32,-96.3669,351.5,VALLEY,1926,2023,82535
USM00072562,41.1328,-100.7,848.8,NORTHPLATTE/LEEBIRD,1930,2023,75383
USM00072563,41.22,-103.1,1341.0,SYDNEY,1955,1957,677
USM00072566,41.8667,-103.5833,1207.0,SCOTTSBLUFFAAF,1953,1961,987
USM00072572,40.7722,-111.9553,1289.0,SALTLAKECITY/INTNLUT.,1926,2023,83569
USM00072575,41.1833,-112.0167,1346.0,OGDEN,1948,1956,6664
USM00072576,42.8167,-108.7333,1695.3,LANDERHUNTFLDAP,1948,1995,34519
USM00072582,40.86,-115.7422,1593.0,ELKO,1931,2023,30876
USM00072583,40.9019,-117.8072,1309.7,WINNEMUCCAMUNIAP,1935,1994,43590
USM00072597,42.3769,-122.8822,398.2,MEDFORD/MEDFORD-JACKSONCOUNTY,1926,2023,79266
USM00072632,42.6989,-83.4714,330.2,WHITELAKE,1994,2023,20529
USM00072634,44.9075,-84.7189,447.7,GAYLORD,1996,2023,19249
USM00072637,42.9667,-83.75,234.4,FLINTBISHOPAP,1956,1994,29048
USM00072645,44.4986,-88.1119,209.3,GREENBAY/A.-STRAUBEL,1940,2023,60906
USM00072649,44.8497,-93.5647,290.2,CHANHASSEN,1937,2023,25814
USM00072654,44.3833,-98.2167,391.7,HURONRGNLAP,1938,1994,33451
USM00072655,45.55,-94.0667,316.1,STCLOUDMUNIAP,1948,1995,35321
USM00072659,45.4556,-98.4133,398.4,ABERDEEN/REG.,1994,2023,20395
USM00072662,44.0728,-103.21,1029.0,RAPIDCITYWFO,1939,2023,68437
USM00072672,43.0647,-108.4767,1699.0,RIVERTON,1995,2023,19468
USM00072681,43.5672,-116.2114,873.1,BOISE/MUN.,1926,2023,73228
USM00072694,44.9092,-123.0083,62.4,SALEM/MCNARY,1956,2023,49842
USM00072698,45.5333,-122.6833,8.0,PORTLANDINTL,1928,1972,27685
USM00072712,46.8683,-68.0136,191.0,CARIBOU/MUN.,1940,2023,64037
USM00072734,46.4667,-84.35,218.8,SAULTSTEMARIESANDERSONFLD,1926,1996,58659
USM00072747,48.5647,-93.3975,357.3,INT.FALLS/FALLSINT.MN.,1942,2023,60489
USM00072764,46.7717,-100.7594,506.2,BISMARCK/MUN.,1932,2023,78150
USM00072768,48.2067,-106.6256,693.1,GLASGOW/INT.,1943,2023,61120
USM00072776,47.4614,-111.3847,1132.0,GREATFALLS,1940,2023,64741
USM00072786,47.6806,-117.6267,729.1,SPOKANE,1926,2023,70421
USM00072792,46.9667,-122.9,66.1,OLYMPIAMUNIAP,1962,1964,1217
USM00072793,47.45,-122.3,137.0,SEATTLE-TACOMAINTL,1944,1981,18573
USM00072797,47.9339,-124.5603,56.8,QUILLAYUTE,1966,2023,41043
USM00072798,48.3833,-124.7333,35.1,TATOOSHISLANDWB,1940,1966,21960
USM00074001,34.6,-86.6333,175.0,REDSTONEARSENAL,1992,2014,2583
USM00074002,39.5,-76.1667,5.0,ABERDEENPRVGR,1992,2017,5475
USM00074004,32.8356,-114.4,231.0,YUMAPROVINGGROUNDSAZ,1992,2023,12939
USM00074005,32.8636,-114.0331,231.0,YUMAPRVGR,2008,2022,6125
USM00074207,47.13,-122.6,71.0,GRAYAAF,1920,1986,4029
USM00074389,43.8925,-70.2572,124.5,GRAY,1940,2023,63836
USM00074392,43.88,-69.93,36.0,BRUNSWICK,1953,1955,965
USM00074455,41.6114,-90.5817,230.5,QUADCITY,1935,2023,22399
USM00074479,40.433,-80.0,229.0,PITTSBURGH/EMSU,1971,1973,544
USM00074482,41.5,-74.1,138.0,NEWBURGH/STEWARTAFB,1942,1951,3104
USM00074486,40.65,-73.7833,10.1,NEWYORKJFKAP,1952,1980,24923
USM00074494,41.6569,-69.9589,15.1,CHATHAM,1970,2021,36802
USM00074505,37.3167,-121.8667,31.0,SANJOSE/EMSU,1971,1972,188
USM00074544,38.87,-98.82,569.0,RUSSELL,1952,1952,284
USM00074560,40.1517,-89.3383,179.2,LINCOLN,1995,2023,20394
USM00074570,39.8333,-84.05,249.9,DAYTONWPATTERSONAFB,1918,1995,42163
USM00074574,38.33,-77.03,7.0,DAHLGREN,1946,1959,2797
USM00074606,34.65,-120.567,112.0,SOUTHVANDENBERGAF,1966,2001,6218
USM00074612,35.6833,-117.6833,696.0,CHINALAKE,1946,2023,12639
USM00074626,33.45,-111.95,386.0,WFOPHOENIX,2000,2022,5219
USM00074630,33.8,-106.6667,1506.0,STALLIONSITE,1956,1960,610
USM00074631,33.167,-106.5,1235.0,WHITESANDSMISSILE,1956,1983,1539
USM00074641,36.2969,-99.775,669.0,GAGE,1952,2002,586
USM00074646,36.6,-97.5,306.0,LAMONT,2000,2023,24558
USM00074671,36.667,-87.5,174.0,FORTCAMPBELL(AAF),1943,1995,2026
USM00074693,35.133,-78.933,74.0,FORTBRAGG/SIMMONS,1984,1988,159
USM00074732,32.9,-106.1,1258.0,HOLLOMANAFB,1949,1994,10948
USM00074754,31.33,-92.55,27.0,ALEXANDRIA,1943,1955,899
USM00074768,30.3667,-89.5833,9.0,NASAMISS.TEST,1969,1971,1068
USM00074777,30.433,-86.683,12.0,HURLBURTFIELD(AF),1987,1991,375
USM00074780,31.867,-81.633,27.0,FORTSTEWARTRESERV,1978,1993,3618
USM00074794,28.4667,-80.55,3.0,CAPEKENNEDY,1950,2023,58522
USM00091162,22.0333,-159.7833,4.9,BARKINGSANDS,1942,1975,5267
USM00091165,21.9933,-159.3467,32.3,LIHUE,1950,2023,66191
USM00091170,21.483,-158.033,256.0,WAHIAWA,1929,1989,4697
USM00091182,21.35,-157.933,5.0,HONOLULUINTL,1941,1996,33372
USM00091285,19.7183,-155.0583,11.0,HILOHI,1943,2023,63424
USW00003123,33.4,-117.5,68.9,CAMPPENDLETON,1954,1954,207
USW00003134,35.2667,-116.0833,281.0,BAKER,1957,1957,592
USW00003143,36.8,-116.2667,1100.9,JACKASSFLATS,1959,1967,537
USW00012880,25.9,-81.7167,3.0,DELTASEVEN,1961,1962,436
USW00012881,27.95,-80.5667,9.1,VALKARIA,1962,1967,798
USW00012906,29.6167,-95.1667,9.8,HOUSTONELLINGTONAFB,1918,1963,20720
USW00013814,35.967,-89.95,82.0,BLYTHEVILLEAFB,1957,1964,1375
USW00013903,34.3,-97.0167,221.9,ARDMOREAFB,1943,1961,1195
USW00013909,36.333,-97.667,396.0,ENID/VANCEAFB,1942,1951,1147
USW00014704,41.65,-70.5167,42.1,FALMOUTHOTISAFB,1964,1965,383
USW00023021,33.5833,-102.2333,1014.1,REESEAFB,1942,1964,2957
USW00026636,68.1,-165.7667,11.0,CAPETHOMPSON,1962,1962,100
USW00093062,32.5,-106.4167,1270.1,FRYESITE,1960,1960,155
USW00094922,42.683,-92.483,306.0,WAVERLY,1957,1964,806
USW00094925,47.95,-97.4,277.0,GRANDFORKSAFB,1960,1964,517
USXUA724586,38.8,-97.63,383.0,SALINA,1953,1958,3551
USXUA724755,37.1,-113.6,895.0,ST.GEORGE,1957,1957,591
USXUA725185,43.23,-75.4,152.0,ROME,1943,1955,8975
UVM00065503,12.35,-1.5167,303.0,OUAGADOUGOU,1940,2022,61570
UZM00038413,41.733,64.617,237.0,TAMDY,1958,1991,24209
UZM00038457,41.267,69.267,493.0,TASHKENT,1939,2001,46679
UZM00038606,40.55,70.95,499.0,KOKAND,1976,1996,7416
UZM00038927,37.233,67.267,310.0,TERMEZ,1963,1996,20099
VEM00080413,10.25,-67.65,436.0,MARACAY-B.A.SUCRE,1966,2014,5220
VEM00080422,10.6667,-63.25,10.0,CARUPANO,2012,2014,159
VEM00080444,8.15,-63.55,48.0,CIUDADBOLIVAR,1974,2008,641
VEM00080447,7.85,-72.45,377.0,SANANTONIODELTACHIRA,1966,2013,3694
VEM00080462,4.6,-61.1167,907.0,SANTAELENADEUAIREN,1974,2011,813
VEM00080476,10.517,-71.65,26.0,LACANADA,1980,1986,631
VMM00048820,21.0333,105.8,5.0,HANOI,1953,2023,32621
VMM00048839,20.1333,107.7167,56.0,BACHLONGVI,2012,2023,3594
VMM00048845,18.6667,105.6833,5.0,VINH,1960,2023,5463
VMM00048849,16.8167,107.0833,28.0,DONGHA,1966,1968,571
VMM00048851,16.7333,107.1833,11.0,QUANGTRI,1968,1971,1039
VMM00048855,16.0667,108.35,7.0,DANANG,1962,2023,27233
VMM00048858,14.0,108.0167,807.0,PLEIKUAB,1970,1971,698
VMM00048864,15.4167,108.7,0.0,CHULAI,1966,1971,822
VMM00048867,13.9667,108.65,495.0,ANKHE(VVAK),1967,1970,224
VMM00048896,10.9667,106.8167,12.0,BIENHOA(VVBH),1969,1970,480
VMM00048900,10.8167,106.6667,5.0,TANSONHOA,1954,2023,35197
VMM00048902,10.5,107.1667,2.0,BARIA(PHUOCLE),1970,1971,747
WAM00068014,-19.6,18.117,1400.0,GROOTFONTEIN,1970,1989,4094
WAM00068098,-22.9833,14.65,88.0,WALVISBAYAIRPORT,1990,2016,1174
WAM00068110,-22.5667,17.1,1725.0,WINDHOEK,1986,2023,12788
WAM00068112,-22.483,17.467,1700.0,HOSEAKUTAKOINTLA,1970,1985,7483
WQM00091245,19.2833,166.65,7.0,WAKEIS,1946,1997,38611
YMM00041344,15.517,44.183,2190.0,SANA'A(CIV/MIL),1980,1990,2290
YMM00041360,14.75,42.967,115.0,HODEIDAH(CIV/MIL),1980,1984,542
YMM00041390,13.683,44.15,1385.0,TAIZ(CIV/MIL),1983,1984,449
YMM00041404,15.383,44.2,2190.0,SANAA,1992,1998,551
YMM00041480,12.833,45.033,3.0,ADEN,1929,1994,16467
ZAM00067633,-15.25,23.15,1053.0,MONGU,1966,1993,5748
ZAM00067663,-14.4167,28.4833,1165.0,KABWE,1958,1982,12025
ZAM00067666,-15.417,28.317,1280.0,LUSAKACITYAIRPORT,1956,2000,9588
ZIM00067774,-17.8333,31.0167,1471.0,HARARE(BELVEDERE),1970,2018,18582
ZIM00067964,-20.15,28.617,1343.0,BULAWAYO,1970,2004,14661
